SMILES,Active
O=C(CCl)Nc1ccc(O)c(C2C=CS(=O)(=O)C2)c1,1
CO[C@@H]1O[C@H](C)C[C@@H](N(C=O)C(C)=Cc2ccc(Nc3ccsc3)cc2)[C@H]1O,1
CC(=O)NC(=O)NCC1=C(C(=O)[O-])N2C(=O)[C@H]([C@H](O)C(=O)N(C)C)[C@H]2SC1,1
COc1ccc(-c2ccccc2)cc1CO[C@]1(C)C[C@H](C2CCC(O)CC2)O[C@@H](C)[C@@H]1O,1
Cc1ncc(NCn2cccn2)c(N)n1,1
C=C[C@H]1CN2CC[C@H]1C[C@@H]2NCc1ccc(F)cc1,1
O=C(CCl)N1CCC(N2CCC(CC(O)(P(=O)(O)O)P(=O)(O)O)CC2)CC1,1
NS(=O)(=O)c1ccc(-c2ccccc2)cc1,1
c1ccc(C2CC2)cc1,1
[Na+],1
c1ccc(CSc2ccccc2)cc1,1
COCCCN1CCCOCC1,1
CCN1CCC(N(C)C)CC1,1
CC(OCCCCc1cn2c(c(O)c1=O)C(=O)N1[C@H](C2)OCC[C@H]1C)C(O)c1cn2c(c(O)c1=O)C(=O)N1[C@H](C2)OCC[C@H]1C,1
Clc1ccc(CCN2CCCCCC2)s1,1
C[C@]12CC[C@H]3[C@@H](CCC4=C(O)C(=O)CC[C@@]43C)[C@@H]1CCC2=O,1
OC1(c2ccc(CN3c4ccccc4Sc4ccccc43)cc2)CCCC1,1
O=C(CCl)Nc1ccccc1Nc1ccccc1,1
CN1CCCCC(c2ccccc2)(c2ncccn2)C1,1
CC(Oc1cccc(CC(=O)N2CCN(CCO)CC2)c1)C(O)c1cc(Cl)c(N)cc1Cc1cn2c3c(c(-c4ccccc4)c(F)cc3c1=O)OC[C@@H]2C,1
CC(=O)NC(C)=O,1
NS(=O)(=O)c1ccc(-c2ccc(CN3CCN(C(=O)N4c5ccccc5Sc5ccccc54)CC3)cc2)cc1,1
CCN1CCN(S(=O)(=O)c2ccc(N)cc2)CC1,1
CC1OC(N[C@H](C)CCc2ccc3c(c2)OCO3)CC(C)(O)C1O,1
CC(=CC1=C(C)CCCC1(C)C)N(C=O)Cc1ccccc1,1
COC[C@@H]1C(=O)C[C@@H](O)[C@@H]1C=C[C@H]1[C@H](O)CC(=O)[C@H]1c1ccsc1,1
COCCC(C1CCN(C2CCN([C@H](C)CCc3cccc(Cl)c3)CC2)CC1)n1c(-c2cccs2)nc2cccc(OC)c21,1
c1ccc(C(CCNC2CCCN(c3ccccc3)C2)n2ccnc2)cc1,1
Oc1ccc(-c2ccccc2)cc1O,1
COC(=O)c1ccc(OCCO)cc1,1
COCCN1CCN(c2ccccc2N2c3ccccc3Sc3ccccc32)CC1,1
CC(C)C(NCCc1ccc(-c2ccc(Oc3nc4ccccc4n3C3CCCCC3)cc2)cc1)Nc1ccccc1O,1
CCC(=N)N,1
C[C@@H]1CCO[C@H]2Cn3cc(NC(=O)CCl)c(=O)c(O)c3C(=O)N21,1
CCCCC(C)(O)CC=C(c1ccc(-c2ccccc2)cc1)c1ccc(N(Cc2ccccc2)c2cnccc2C)cc1,1
O=C(c1ccccc1)N1CCCCC1,1
COC1CCN(C(=O)C(Cc2ccccc2)OC(=O)CCl)CC1,1
Cc1ccc(O)c(NCc2ncnc(-c3ccccc3F)c2-c2cn3c4c(c(NC(=O)c5ccccc5)c(F)cc4c2=O)OC[C@@H]3C)c1,1
CS(=O)(=O)Cc1ccc(OC(=O)CCl)cc1,1
COc1sc(C)nc1[C@H]1C(=O)N2[C@@H](Cc3nn4ccccc4c3C(=O)OCN3C(=O)CC4(CCCC4)CC3=O)C(C)(C)S[C@H]12,1
CN1CCC[C@@H]1c1cc([C@H]2CC[C@H]3[C@@H]4CC[C@H]5C[C@H](O)CC[C@]5(C)[C@H]4C(=O)C[C@]23C)ccc1Nc1ccccc1,1
CN1CCN2c3ncccc3Cc3ccccc3C2C1,1
Cc1cccc(C)c1-c1nc(-c2ccccn2)n(CC[C@@H](C)Oc2ccccc2)c1-c1cccs1,1
O[C@@H](COc1ccccc1)c1ccccc1,1
Oc1cccc(Cc2ccccc2)c1,1
CN(C)C(=O)c1c[nH]c2ccc(F)cc12,1
CN(C)Cc1ccccc1,1
O,1
CC(=O)Nc1ccc(OCC(=O)c2cn(-c3ccnc4cc(Cl)ccc34)c3nc(N4CCCCC4)c(F)cc3c2=O)cc1,1
Cl,1
Cl,1
C[C@H](O)[C@@H](Oc1ccccc1CNc1ccccc1-c1ccc(CNCc2nn[nH]n2)cc1)C(=O)N(Cc1ccccc1C(=O)NC(=O)C1(O)CCCC1)C1CCCCC1,1
c1ccc(CCN2CCCCC2)nc1,1
O=C(CCl)N1CCC(Oc2ccc(Cl)s2)CC1,1
O=C1c2cc(-c3cccc(Cl)c3)c(-c3ccc(F)cc3)cc2CC1N1CCCCC1,1
O=CNC1CCN(C(=O)CCl)CC1,1
Nc1c(Br)cc(Br)cc1NS(=O)(=O)c1cccs1,1
C[C@]12CC(=O)[C@H]3[C@@H](CC[C@H]4C[C@H](O)CC[C@@]43C)[C@@H]1CC[C@@H]2OCCC1C=CS(=O)(=O)C1,1
COc1ccc(C(=O)Nc2ccc(F)cc2)cc1NC=O,1
COCC(=O)c1cc(C(C)=O)ccc1C[C@H](C)N1C[C@@H](c2cc(CO)ccc2O)C[C@@H]2c3cccc4[nH]cc(c34)C[C@H]21,1
C[C@@H]1O[C@@H](c2ccc(Nc3cccc(O)c3)cc2)C[C@@](C)(n2c(CC(=O)OCCN3CCCCC3)nc3cccc(CN4CCCCC4)c32)[C@H]1O,1
COCCN1CCC(C(C)(C)O)CC1,1
CN(C(=O)CCl)C1(c2ccccc2F)CCCC1,1
COc1ncnc(Nc2ccc(F)cc2F)c1CNc1ccccc1-c1cccc2ccccc12,1
NS(=O)(=O)c1nc2ccc(-c3nc4ccccc4n3CN3c4ccccc4C=Cc4ccccc43)cc2s1,1
Cl,1
C=C[C@H]1CN2CC[C@H]1C[C@@H]2NCc1ccc(C=C(C)N(C=O)Cc2ccc(COc3cccc4ccccc34)cc2)cc1,1
C[C@]12CC[C@H]3C(=CCc4cc(O)ccc43)[C@@H]1CCC2=O,1
O=C(CCl)N1Cc2ccccc2C(c2ccccc2)C1,1
O=C(O)C=Cc1ccc([C@H](O)CSSC(=CC(=O)O)CCO)cc1,1
C[C@@H]1CCO[C@H]2Cn3cc(Nc4ccccc4COC(=O)c4ccc5cc(N(C)C)ccc5c4)c(=O)c(O)c3C(=O)N21,1
COC[C@@H](O)c1cc(CN2CCN(C(=O)CCl)CC2)ccc1N,1
Cc1ccc(C2(OC(C)(C)C)CCCCN(C)C2)cc1,1
CCNCc1ccc(C#N)cc1,1
C[C@@H]1CCO[C@H]2Cn3cc(CN4CCOCC4)c(=O)c(O)c3C(=O)N21,1
CC(=O)N1CCC(N(C=O)C(C)=C[C@@H]2[C@H](N3CCN(c4ccccc4C(O)[C@H]4C[C@@H]5c6cccc7[nH]cc(c67)C[C@H]5N(Cc5cccnc5)C4)CC3)C(=O)C[C@H]2O)CC1,1
Cl,1
O=C(CCl)NCCCN1CCCOCC1,1
CC(=O)NC(=O)CCNc1ccccc1,1
CCCN1CCCC(CCC(C)NCc2ccc(C=CC=C(C)C=C[C@@H]3[C@H](Nc4ccccc4-c4ccc(OCC(O)COCCCC(=O)c5nc(C)sc5NC(=O)CCl)cc4)C(=O)C[C@H]3O)cc2)C1,1
CCNc1ccc(C)cc1,1
CCCCC[C@H](O)C=CC=CC=C[C@H]1[C@H](O)CC(=O)[C@H]1c1cc2c(cc1CNc1cn3c(c(O)c1=O)C(=O)N1[C@H](C3)OCC[C@H]1C)[C@@H](Cc1ccccc1)[N@+](C)(C(C)=O)CC2,1
Cl,1
Nc1cc(NC(=O)CCl)c(N2CCC(O)CC2)cc1Cl,1
COCc1cccc2nc(N3CCC(c4ccc(O)cc4)CC3)n(-c3ccc(F)cc3F)c12,1
CCOc1ccc(Cl)cc1,1
CS(=O)(=O)N1CCN(C2CCN(CC(=O)N3CCCC3)CC2)CC1,1
Cc1cnc(C(O)CN2CCC(O[C@H]3CCC[C@@H]3C(N)=O)CC2)c(C)c1C(C)NC[C@H]1C(=O)N2[C@@H](c3ccc(S(N)(=O)=O)cc3)C(C)(C)S[C@H]12,1
Cc1ccc(-c2ccc(Cc3cccc(CCN)c3)cc2)cc1,1
NC(=O)CC(NC(=O)CCl)C(=O)N1CCNCC1,1
CCOC(=O)C(Cc1ccccc1)NC,1
C[C@H](CCc1ccsc1)OC1CC1,1
O=C(O)C1CCCCC1,1
CC(=Cc1ccc(C(O)C(C)N2CCN(Cc3sc(C)nc3-c3ccccc3)CC2)cc1)N(C=O)c1ccc(O)cc1,1
O=C(CCN1CCCC1)c1ccccn1,1
CC1(C)S[C@@H]2[C@@H](CNc3ccc(C#N)cn3)C(=O)N2[C@H]1c1ccccc1,1
CN1CCC[C@@H]1Nc1ccnc2cc(Cl)ccc12,1
O=C(CCl)NCc1ccc(CN2CCC(O)CC2)cc1,1
CCc1nn2ccccc2c1NC(=O)CC[C@H](N)C(=O)O,1
CN(C)CC(=O)[C@H]1CC[C@H]2[C@@H]3CC[C@H]4C[C@H](O)CC[C@]4(C)[C@H]3C(=O)C[C@]12C,1
O=S(Cc1ccc(F)cc1F)c1nc2ccc(Nc3ccc(O)cc3)cc2[nH]1,1
CCOP(=O)(CCCCc1ccccc1)CC(=O)N1CCN(C)CC1,1
Cc1ncc(-n2c(N3CCOC(NC4CC(C)(O)C(O)C(C)O4)C3)nc3ccccc32)c(N)n1,1
COCCC(=CC1=C(C)CCCC1(C)C)SSC(=CC(C)=CC(=O)O)CCN(C)C,1
CN1CCCCC(c2ccc(O)c(O)c2)(c2ccc(N)c(CC(=O)Oc3ccccc3)c2)C1,1
COC1(Nc2ccc(O)c(O)c2)CCCCN(C)C1,1
CC1CN(Cc2ccccc2)CCO1,1
CC(CCc1ccc(Cl)cc1)NCc1ccccc1,1
CSc1c(CNc2ncccn2)ncnc1N1Cc2ccccc2C(c2ccccc2)C1,1
Cn1nnnc1-n1cc(C(O)c2cccc(N3CCN(Cc4ccccc4)CC3)c2)c(=O)c2c(N)c(F)c(-c3ccccn3)c(F)c21,1
Nc1ccc(S(=O)(=O)NC2CCN(Cc3ccsc3)CC2)cc1,1
CCC(=O)Oc1nc(-c2cccc(Cl)c2)n(CNCc2cccc(-c3cccc(OC(C)=O)c3)c2)c1CN1CCOCC1,1
CC1OC(C(N)=O)C(O)C([C@H]2CCCN2C)C1NC(=O)CCl,1
C[C@H]1COc2c(-c3ccccc3)c(F)cc3c(=O)c(N4CCOC(C(N)=O)C4)cn1c23,1
CNC(=O)Cc1c(C)cccc1C,1
O=C(Nc1cccc2ccccc12)c1ccccc1,1
NC(=O)c1ccccc1Nc1ccc(Br)s1,1
O=CNC(=O)[C@@H]1CCCO1,1
O=C(CCl)Nc1cccnc1,1
Oc1ccc(-c2cccnc2)cc1N1c2ccccc2C=Cc2ccccc21,1
CSc1c(C)cnc(C(=O)C(C)C)c1C,1
CC(=O)CCc1cc2c(cc1NCCCCCOC(=O)c1ccc(-c3ccc(C(=C/C(C)=N/Nc4nncc5ccccc45)c4ccc([C@H]5CC[C@H]6[C@@H]7CC=C8C[C@@H](O)CC[C@]8(C)[C@H]7CC[C@]56C)cc4)cc3)cc1)C(=O)C(C(=O)Oc1nc3ccccc3n1C(C)N1CCN(c3ccccc3)CC1)C2,1
COc1ccc(N(C)C)cc1,1
O=C(CCl)N1CCCOCC1,1
CC(=O)CCc1ccc(-c2ccsc2)cc1,1
CN(C)C1CCN(C(=O)CCl)CC1,1
COc1nn2ccccc2c1CN1CCN(S(C)(=O)=O)CC1,1
COCCC1CCC(C(O)C(C)NC2(O)CCCC2)OC1C,1
COCCCC(C)NS(=O)(=O)c1ccccc1C#N,1
COCCN1CCOCC1,1
C=C1CC[C@@]2(O)[C@H]3Cc4ccc(O)c5c4[C@@]2(CCN3c2ccc(COC)cc2)[C@H]1O5,1
CC(C)CN(Cc1ccc(N)c(C(=O)O)c1)C(C)C(O)[C@H]1CC[C@H]2[C@@H]3CC[C@H]4C[C@H](O)CC[C@]4(C)[C@H]3C(=O)C[C@]12C,1
COC(=O)C1CCCN(C2CCC(N3CCC4(CC3)C(=O)NCN4c3ccc(CNc4ccccc4F)cc3)C(C)O2)C1,1
CC(=C[C@H]1[C@H](O)CC(=O)[C@H]1CNc1nnnn1C)N(C=O)C1(N2CCC(c3cccs3)CC2)CCCC1,1
O=S1(=O)CC(O)C1,1
NS(=O)(=O)c1ccc(-c2c[nH]c3ncccc23)cc1,1
CN(C)Cc1ccc(-c2ccsc2)cc1,1
CN(C)c1ccc(-c2nc3ccccc3[nH]2)cc1,1
CN1CCN(c2ccccc2)CC1,1
CC(Oc1nn2ccccc2c1-c1ccccc1)[C@]12OC(C)(C)O[C@@H]1C[C@H]1[C@@H]3CCC4=CC(=O)C=C[C@]4(C)[C@H]3[C@@H](O)C[C@@]12C,1
COC(OCc1ccc(-c2ccsc2)cc1)C(C)C,1
COC(C)C1(C(=O)N2CCCCC2)CC[C@H]2[C@@H]3CCC4=CC(=O)C=C[C@]4(C)[C@H]3[C@@H](O)C[C@@]21C,1
Nc1c(F)c(-c2ccccc2)c(F)c2c1c(=O)c(C(=O)Oc1ccc(O)c(N3CCCCCC3)c1)cn2-c1ccc(-c2cccc3ccccc23)cc1,1
Cl,1
O=C(CCl)OC(=O)c1ccccc1,1
Clc1ccc2c(-c3ccc(Cc4ccccc4)cc3-c3cccs3)ccnc2c1,1
N#Cc1ccccc1S(=O)(=O)NCCNc1ccccc1O,1
COc1ccccc1N1CCCCC1,1
CNC(C)C(O)c1ccc(O)c(-c2cccc(F)c2)c1,1
Cl,1
COc1cccc2sc(Nc3ccccc3)nc12,1
O=C1Nc2ccccc2C1(c1ccc(O)cc1)c1ccc(O)cc1,1
Clc1cccc(COC2CCCCC2)c1,1
COc1ccc(Nc2nn[nH]n2)cc1,1
Cl,1
O=S(=O)([O-])c1ccccc1,1
CN1CCCc2ccc(S(N)(=O)=O)cc21,1
CC(=O)OC(=O)C(CC(N)=O)N1CCN(c2ccccc2)CC1,1
Oc1ccccn1,1
Cn1nnnc1NCCCN1CCCCC1,1
CC(Nc1cccc(Cl)c1)c1c(N2CCN([C@H]3C(=O)N4[C@@H](C5C(C)OC(C(=O)NCCO[C@H]6C[C@@](C)(c7cc8c(cc7-c7cccc(Cl)c7)C(=O)C(C(=O)CCCNc7ccc(O)c([C@H]9CO[C@H]%10OCC[C@@H]9%10)c7)C8)[C@@H](O)[C@H](C)O6)C(O)C5N5CCCCC5)C(C)(C)S[C@H]34)CC2)nn2ccccc12,1
N#Cc1ccc(N(c2ccc(O)c(-c3ccc(CNCC(=O)O)cc3)c2)c2ccco2)nc1,1
CC1(C)S[C@@H]2[C@@H](C(=O)O)C(=O)N2[C@H]1c1ccc(-c2ccccn2)cc1,1
Cl,1
COc1ccccc1,1
Cl,1
COC(=O)Nc1ccc(O)cc1,1
CC(=CC(C)=C(C)N(C=O)c1cc(OCc2nnnn2C)ccc1NCc1ccccc1)N(C=O)c1ccccc1,1
CC(C)Nc1ccnc2cc(Cl)ccc12,1
CC([C@H]1C[C@@H]2c3cccc4[nH]cc(c34)C[C@H]2N(C(=O)CCl)C1)N(C)CC1=C(C(=O)[O-])N2C(=O)[C@H](C(=O)O)[C@H]2SC1,1
CC(=O)NC(=O)CCl,1
COC(=O)CC1(c2ccccc2)CCCC1,1
CCCCNc1nc2c(-c3ccc(C)cc3)cccc2s1,1
Cl,1
CC1CN(c2cccc(-c3cc(C(=O)N4CCCCC4)ccc3O)c2)CCO1,1
CCNC(=O)CCl,1
O=C(CCl)N1CCN(CCNc2cccc3sc(-c4cccc5ccccc45)nc23)CC1,1
Clc1ccc2c(OCc3ccccc3)ccnc2c1,1
O=C1c2c(O)cccc2Cc2cccc(O)c21,1
C=C[C@H]1CN2CC[C@H]1C[C@@H]2c1cc(Cl)c(N)cc1[C@@H](O)CN1CCN(c2cnc(C)nc2N)CC1,1
O=C(CCl)N1CCC(O)CC1,1
CC1OC(c2ccc([C@@H]3C[C@@H](C)O[C@@H](CN(C)C)[C@@H]3O)cc2)CCC1CO,1
COC(=O)CC1CCN(S(=O)(=O)c2c(F)cccc2F)CC1,1
Cl,1
Nc1cncnc1,1
C[C@H](CCC1(C(=O)O)CC[C@H]2[C@@H]3CCC4=CC(=O)C=C[C@]4(C)[C@H]3[C@@H](O)C[C@@]21C)NC(=O)CCl,1
Cn1ccc(C2(N3C[C@@H](N[C@H]4CCC[C@@H]4c4ccccc4)C[C@@H]4c5cccc6[nH]cc(c56)C[C@H]43)CCCC2)n1,1
O=C1CCCN1c1ccccc1,1
Fc1ccc(N2CCN(CCCN3CCCC3)CC2)cc1,1
Cl,1
O=C(CCl)NCCO,1
COC(=O)c1cc(CC2(CN[C@H](C(=O)O)C(NC(=O)CCl)(c3ccccc3)c3cccc(Cl)c3)CC[C@H]3[C@@H]4CCC5=CC(=O)C=C[C@]5(C)[C@H]4[C@@H](O)C[C@@]32C)ccc1-c1ccc(O)cc1,1
COC(=O)c1ccccc1,1
O=C(CCl)Nc1cccc(F)c1,1
Cc1ccc(C)c(S(=O)(=O)N2CCN(CC3C=CS(=O)(=O)C3)CC2)c1,1
O=C1c2c(O)cccc2Cc2cccc(O)c21,1
COc1sc(C)nc1CNc1cccc(F)c1,1
O=P(O)(O)O,1
COC(=O)c1ccncc1,1
CCCCN1CCC(NCC#CBr)CC1,1
O=C(CCl)N1CCN(c2ccc(O)c(-c3ccc(O)cc3)c2)CC1,1
CC=C[C@@H]1[C@H](Oc2nc3c(cc2F)c(=O)c(OC(C)=O)cn3-c2cnccc2C)C(=O)C[C@H]1O,1
O=C(CCl)N(C(=O)CCl)c1ccccc1,1
Clc1ccc2c(SCCN3c4ccccc4Sc4ccccc43)ccnc2c1,1
COC(=O)CCl,1
O=C(CN1CCC2(CC1)C(=O)NCN2Cc1ccccc1)c1ccc(F)cc1,1
C/C(C=C(CCO)SSc1ccc2cc(C(=O)N[C@@H](C(=O)N3CCC(CNc4nc5ccccc5[nH]4)CC3)[C@H](C)O)ccc2c1)=N\Nc1nncc2ccccc12,1
Cc1cc(C)nc(C(=O)N2CCN(c3ccc(O)c(Nc4ccccc4)c3)CC2)n1,1
O=C(NCn1cc(C(=O)O)c(=O)c2cc(F)c(NC3CCCCC3)nc21)c1cccc(Cl)c1,1
O=CNC(=O)Cc1ccnc2cc(Cl)ccc12,1
COC(Cc1ccc(S(N)(=O)=O)cc1)C(=O)OC(CC(N)=O)C(=O)NC(=O)C(C)(C)C,1
Cc1ncc(Oc2ccc(OC(C)C)cc2)c(N)n1,1
CS(=O)(=O)CC1CN(C[C@@H](O)c2nc3ccccc3[nH]2)CCO1,1
Cl,1
Cl,1
CC1(C)O[C@@H]2C[C@H]3[C@@H]4CCC5=CC(=O)C=C[C@]5(C)[C@H]4[C@@H](O)C[C@]3(C)[C@@]2(N(CCOCCc2ccccc2NCCC(=O)N2CCC(N3CCOC(O[C@@H]4CCCO4)C3)CC2)c2c[nH]c3ccc(F)cc23)O1,1
COC(=O)Nc1ccnc2ccc(N3CCN(C)CC3)cc12,1
C1CCCN(CCCN2CCCOCC2)CC1,1
O=P(O)(O)C(O)(Cc1ccc(-c2cccc(F)c2)cc1-c1cccc2ccccc12)P(=O)(O)O,1
O=P(O)(O)O,1
Cc1ncc(CN2CCCOCC2)c(N)n1,1
COCc1ccc2c(c1)OCO2,1
C[C@]12CC[C@H]3[C@@H](CC=C4C[C@@H](O)CC[C@@]43C)[C@@H]1CC[C@@H]2c1cc(-c2cc(CCS(=O)(=O)c3ccccc3)n(S(=O)(=O)c3cccnc3)c2)ccc1O,1
Cl,1
CCN[C@@H]1C[C@@H](C)O[C@@H](OC)[C@@H]1O,1
COCC1([C@@H]2O[C@H](C)C[C@@H](c3cccc(CCCCCCC(=O)O)c3)[C@H]2O)CC[C@H]2[C@@H]3CCC4=CC(=O)C=C[C@]4(C)[C@H]3[C@@H](O)C[C@@]21C,1
COCC1CCN(C(C)C)CC1,1
Cc1cccc(C)c1OC(=O)c1cn(C)nn1,1
C[C@H](O)[C@@H](Nc1ccccc1[N+](=O)[O-])C(=O)NS(=O)(=O)c1ccc(N)cc1,1
Cn1nnnc1[C@]12OC(C)(C)O[C@@H]1C[C@H]1[C@@H]3CCC4=CC(=O)C=C[C@]4(C)[C@H]3[C@@H](O)C[C@@]12C,1
COCCN1CCN(C(=O)CCl)CC1,1
CC(C)C(NC(=O)CCl)N1CCN(C)CC1,1
C[C@@H]1CCO[C@H]2Cn3cc(-c4ccc(F)cc4)c(=O)c(O)c3C(=O)N21,1
CN(C)CCc1cccc2ccccc12,1
Cl,1
N#Cc1ccc(CNC(=O)CCl)nc1,1
CCc1ccc(OC)cc1,1
O[C@H](CN1CCOCC1)c1ccccc1,1
CC(C)NC(=O)C(C)(C)C,1
CC(CCCN1CCCN(c2ccc(O)cc2)CC1)NC(C)C(O)c1ccc2nc(S(=O)Cc3cccnc3Cl)[nH]c2c1,1
O=C(CCl)OCC1C=CS(=O)(=O)C1,1
COCCN(C)C,1
CC(=CC(=O)O)N(C=O)c1ccccc1,1
O=C(CCl)N1CCC2(CC1)C(=O)NCN2C(=O)c1ccc(F)cc1F,1
Cn1c(=O)c2[nH]c(Cl)nc2n(C)c1=O,1
Clc1ccc(-c2cccc3nc(-c4ccsc4)n(-c4ccccc4)c23)s1,1
CC(OCC#CBr)c1ccc(-c2ccccc2)cc1,1
Fc1ccc(CN2CCC(c3ccccc3)CC2)cc1,1
CN(C)C(=O)c1ccc(-c2cccc3ccccc23)cc1,1
CCOC(=O)CCl,1
COC1CCC(C2C=CS(=O)(=O)C2)OC1C,1
CN(C)C(=O)CCl,1
CC=CC(C)=C(CCO)SSCC(=O)c1cccc(Nc2ccccc2Nc2cccc(Cl)c2)c1,1
Brc1ccc(CCN[C@@H]2CCCO2)s1,1
CC(=O)N1CCN(C[C@H](O)[C@@H]2CCCO2)CC1,1
CC(=C[C@@H]1[C@H](N2CCN(CC(=O)O)CC2)C(=O)C[C@H]1O)N(C=O)c1nc(C)cc(C)n1,1
O=C(CO)C1CN(C(=O)CCl)CCO1,1
Nc1ccc(S(=O)(=O)N2CCN(CC(=O)O)CC2)cc1,1
CCCc1c(C(=O)CO)ncnc1-c1ccc(F)cc1,1
CC(CC[C@@H]1C(=O)C[C@@H](O)[C@@H]1C=CC(=O)O)N1C[C@H](C2CCCCC2)C[C@@H]1N1CCCCC1,1
CC(=O)N[C@H]1C(=O)N2C(C(=O)[O-])=C(CNCCCN3CCN(C)CC3)CS[C@H]12,1
C[C@H]1CN(c2ccccc2CNc2ccccc2)C[C@@H](C)N1,1
CCCNc1nc2cccc(NC=O)c2n1C(C)(C)O,1
Cc1cc(C)nc(CNS(=O)(=O)c2ccc(N)cc2)n1,1
CSC1CCN(CCC2CCN(C(C)CCc3cc(NCc4nc5c(NC6CCCO6)cccc5s4)n(S(=O)(=O)c4cccnc4)c3)CC2)CC1,1
Cl,1
CC(=O)N1CCC(N2CCC(N3C(=O)CC4(CCCC4)CC3=O)CC2)CC1,1
CNCC(O)COc1ccccn1,1
C[C@]12C/C(=C/O)C(=O)C[C@@H]1CC[C@@H]1[C@@H]2CC[C@@]2(C)[C@H]1CC[C@]2(C)O,1
Cc1cccc(C)c1N1CCN([C@H]2OC(=O)[C@H](C)[C@H](c3ccccc3)[C@H](C)[C@H](c3cccnc3Cl)[C@](C)(O)C[C@@H](C)CN(C)[C@H](C)[C@@H](O)[C@]2(C)O)CC1,1
CCN1CCN(C2C(C)OC(c3ccc(F)cc3)C(O)C2OC[C@H]2CCCN2C)CC1,1
COC1CCCN(C(=O)C2(C(C)(C)O)CCCC2)C1,1
CSC(C)C(O)c1cc(NC=O)ccc1O,1
Oc1ccccn1,1
O=S(=O)(CCn1ccnc1)c1ccccc1,1
C[C@]12C[C@H](O)[C@H]3[C@@H](CCC4=CC(=O)C=C[C@@]43C)[C@@H]1CCC2(CS(=O)c1nc2ccc(NCc3ccc(O)cc3)cc2[nH]1)N1CCC(N2CCCOCC2)CC1,1
Cc1ccncc1CC(=O)N1CCOCC1,1
Cl,1
COC[C@]12OC(C)(C)O[C@@H]1C[C@H]1[C@@H]3CCC4=CC(=O)C=C[C@]4(C)[C@H]3[C@@H](O)C[C@@]12C,1
CN1CCN(C(=O)C(Cc2ccc(-c3ccnc4cc(Cl)ccc34)cc2)N2CCCCC2)CC1,1
Cc1ccc(CNC(=O)C(C)(C)C)cc1,1
C[C@]12CC(=O)[C@H]3[C@@H](CC[C@H]4C[C@H](O)CC[C@@]43C)[C@@H]1CC[C@@H]2c1ccc(N2c3ccccc3C=Cc3ccccc32)cc1,1
CN(C)c1cc(N2CCN(c3ccsc3)CC2)ccc1CNC(=O)CCl,1
CCOCc1ccc2nccc([C@]34OC(C)(C)O[C@@H]3C[C@H]3[C@@H]5CCC6=CC(=O)C=C[C@]6(C)[C@H]5[C@@H](O)C[C@@]34C)c2c1,1
CC1OC(c2ccc(F)cc2)CCC1c1ccccc1,1
CN(C)CC(O)[C@@H]1C(=O)C[C@@H](O)[C@@H]1C=C(CCO)SSC[C@H]1CCC[C@@H]1CCN,1
COC(=O)c1ccccc1,1
COC1CCN(C(C)=O)CC1,1
O=C(Cc1c[nH]c2ccc(F)cc12)Nc1ccc(Cl)cc1,1
CCC(=O)Nc1ccc2nccc(C3CC3)c2c1,1
CN(C)c1ccccc1F,1
CCC(=O)N1CCC(NC(=O)c2ccc3nc(S(=O)C[C@@H]4C(=O)C[C@@H](O)[C@@H]4C=C(C)C=C(CCO)SSC4CCN(C(=O)C5(N6CCN(c7cccc8sc(C(=O)N[C@@H]9C(=O)C[C@@H](O)[C@@H]9C=C(C)C=C[C@@H]9[C@H](OC)C(=O)C[C@H]9O)nc78)CC6)CC[C@H]6[C@@H]7CCC8=CC(=O)C=C[C@]8(C)[C@H]7[C@@H](O)C[C@@]65C)CC4)[nH]c3c2)CC1,1
COC(=O)OC,1
COc1ccc(C(=O)C(C)CN2CCN(C(=O)CCl)CC2)cc1,1
CN(C)CCC(=O)N1CCN(C(=O)CCl)CC1,1
O=C(Nc1ccccc1)c1cccs1,1
CC(N(C)C)C1(O)CCCC1,1
Fc1ccc(CN2Cc3ccccc3C(c3ccccc3)C2)c(F)c1,1
CCNCc1ccc(C#N)nc1,1
CN1CCN2c3ncccc3Cc3ccccc3C2C1,1
O=C(CCCN1CCNCC1)c1ccc2c(c1)OCO2,1
N[C@@H](CCC(=O)O[C@H]1C[C@@H](C2CCCCC2)CN1C(=O)CCl)C(=O)O,1
CC(C)C(=O)C1CCN(CC(=O)c2nc3ccccc3s2)CC1,1
Cl,1
CC(=C(CCO)SSc1cccc(O)c1)N(C=O)C(=O)Cc1ccccc1,1
Cc1ccccc1N(c1ccccc1)C1C=CS(=O)(=O)C1,1
Oc1ccc(C2CNCCc3c2cc(O)c(O)c3Cl)cc1,1
CC(C)N1CCN(c2ccc(N3CCN(c4ccc(C#N)cn4)CC3)cc2)CC1,1
O=C1C[C@@H](O)[C@H](C=Cc2ccc(NC3CC3)cc2)[C@@H]1c1ccc2c(c1)OCO2,1
NC(=O)CC(C(=O)Oc1ccc(N2CCN(C(=O)CCl)CC2)cc1)N1CCN(CCC(=O)c2ccccc2CNC(=O)CCl)CC1,1
Cl,1
O,1
C[C@@H]1CCO[C@H]2Cn3cc(N4CCOC(OC(=O)CCNCC5=C(C(=O)[O-])N6C(=O)[C@H](c7ccc(N8CCN(CCN9CCOC(N%10CCN(CCc%11ccc(-c%12ccc(N(C)C)cc%12)c(N%12CCN(c%13cc(N%14CCN(C%15CC%15)CC%14)ccc%13O)CC%12)c%11)CC%10)C9)CC8)cc7)[C@H]6SC5)C4)c(=O)c(O)c3C(=O)N21,1
Cl,1
O=C(CCl)N1CCC(N2CCC3(CC2)C(=O)NCN3c2ccccc2)CC1,1
COc1ccc(C(=CC2=C(C)CCCC2(C)C)c2ccc(Cc3ccc4nc(S(N)(=O)=O)sc4c3)cc2)cc1,1
CCCc1ccc(-c2ccc(-c3ccc(N)c(CSC(=N)N)c3)cc2)cc1,1
c1ccc(N2CCN(c3ccc4c(c3)OCO4)CC2)nc1,1
COCC1=C(C(=O)[O-])N2C(=O)[C@H](C(=O)C(C)CN3CCN(CC(=O)c4cccc(F)c4)CC3)[C@H]2SC1,1
C[C@]12CC[C@H]3[C@@H](CCC4=C(O)C(=O)CC[C@@]43C)[C@@H]1CCC2=O,1
CCNC(C)C(O)[C@H]1C[C@@H](C2CCCCC2)CN1c1ccsc1,1
Cl,1
C[C@H]1COc2c(-c3nn[nH]n3)c(F)cc3c(=O)c(COc4ccccc4)cn1c23,1
C[C@H]1COc2c(C(=O)NC(=O)CCl)c(F)cc3c(=O)c(O[C@H](CNC=O)C(=O)N4CCCC4=O)cn1c23,1
Cl,1
CC(=O)c1ccccc1,1
O=C(CCl)OC(=O)[C@@H]1CCCO1,1
Cc1cccc(C)c1C(=O)CCNC(C(C)C)N(C)C,1
CC1(C)O[C@@H]2C[C@H]3[C@@H]4CCC5=CC(=O)C=C[C@]5(C)[C@H]4[C@@H](O)C[C@]3(C)[C@@]2(C(=O)NCCC(=CC(=O)O)SSC(=CC(=O)O)CCOc2ccccc2)O1,1
Nc1c(Br)cc(Br)cc1CCOc1ccccn1,1
N=C(N)SCC1CCN(c2ccc(O)cc2)CC1,1
CCc1ccc(COC(=O)CCl)cc1,1
CN(C)C(=O)CN1CNC(=O)C12CCN(c1ccc3nc(S(=O)Cc4ccccc4)[nH]c3c1)CC2,1
O=S(=O)(c1ccccc1F)N1CCN(Cc2ccccc2)CC1,1
O=C(CN(C(=O)CCl)C(=O)c1ccccc1)N1CCSCC1,1
CCN(C=O)C(C)=CC(C)=CC(C)=C(c1ccc(CCN2CCOCC2)cc1)c1ccc(-c2cccc(Cl)c2)cc1,1
C[C@H](O)[C@H](C(=O)N1CCN(C)CC1)N1CCC(c2ccccc2O)CC1,1
Cc1ncc(C(=O)NC(=O)c2c(C)cnc(-c3ccccc3)c2C)c(N)n1,1
CC(c1ccccc1)N1CCN(c2ccccc2O)CC1,1
CCCCOC,1
C[C@@H]1O[C@@H](NC2CN([C@@H]3N4C(=O)[C@H](Nc5ccccn5)[C@H]4SC3(C)C)CCO2)C[C@@](C)(CC(O)(P(=O)(O)O)P(=O)(O)O)[C@H]1O,1
COC(=O)C1(c2ccnc3ccc(C(c4cccc(Cl)c4)N4CCN(CCC(=O)N5CCCC5)CC4)cc23)CCCC1,1
Nc1ccc(CCS(=O)(=O)c2ccccc2)cc1C1CCN(c2cn(-c3ccccc3)c3c(F)c(N4CCCCC4)c(F)c(N)c3c2=O)CC1,1
CCN1C[C@H](C2CCCCC2)C[C@@H]1C[C@H](C)OC,1
CN1CCN(C(=O)c2cc(N)c(Cl)cc2OC2CCN(C(=O)c3ccccc3)CC2)CC1,1
CC(CCc1ccc2[nH]cc(CS(C)(=O)=O)c2c1)NS(=O)(=O)c1cccs1,1
C=CCNC(C)=O,1
C1CN(C2CC2)CCO1,1
CC(=O)N(C=O)C(C)=CC=CC(=O)O,1
CC(=O)N1CCN(C(C)C)CC1,1
CCCNCCOC,1
CN1CCCCC(C(=O)NC(=O)Cc2ccc(O)cc2)(c2cn(C)nn2)C1,1
CC(C)NCc1ccc(F)cc1,1
COCCCOc1cc(C2(N(c3ccccc3)[C@H]3CCCN3C)CCCC2)ccc1N,1
CCC(=N)N,1
COCc1ccccn1,1
CN(C)CCN1CCC(N(C)C)CC1,1
C[C@@H]1CC[C@H]2[C@@H](C)[C@@H](O)O[C@@H]3O[C@@]4(C)CC[C@@H]1[C@@]23OO4,1
Cn1c(=O)c2[nH]c(Cl)nc2n(C)c1=O,1
COC1CCN(C(C)C(O)[C@H]2[C@@H](C)[C@@H](CCS(=O)(=O)c3ccccc3)[C@@H](C)C(=O)O[C@H](c3ccccc3)[C@@](C)(O)[C@H](O)[C@@H](C)N(C)C[C@H](C)C[C@@]2(C)O)CC1,1
CCCOC1CCN(S(=O)(=O)c2cccc(F)c2)CC1,1
O=C(CCl)N1CCC(C(=O)N2CCC(Oc3ccnc4cc(Cl)ccc34)CC2)CC1,1
Cc1ccc(NC2C=CS(=O)(=O)C2)cc1,1
OC(CNc1ccccc1)COc1ccccc1,1
C[C@@H](Cc1ccc(O)cc1)NS(=O)(=O)c1ccccc1F,1
O=C(NS(=O)(=O)c1ccccc1F)c1ccccc1,1
CO[C@H]1OC(=O)[C@H](C)[C@H](Nc2ccnc3cc(Cl)ccc23)[C@H](C)[C@H](CNC[C@@H](O)[C@@H](CC2CN(CC3C(O)C(N4CCN(C(C)n5ccnc5)CC4)OC(C)C3c3cc(C(N)=S)ccn3)CCO2)Nc2c(C)cccc2C)[C@](C)(O)C[C@@H](C)CN(C)[C@H](C)[C@@H](O)[C@]1(C)O,1
C[C@]12CC[C@@H](O)C[C@@H]1CC[C@@H]1[C@@H]2C(=O)C[C@@]2(C)[C@H]1CC[C@@H]2C(CCOc1ccc(C#N)nc1)c1nc2ccccc2s1,1
CCSSC1(N2CCOC(NC(c3ccc(Cc4c[nH]c5ccc(NCc6ccccc6C(=O)NCCN(C)C)cc45)cc3)c3nc(C)cc(C)n3)C2)CCCCN(C)C1,1
O=CCc1ccc(CN2CCCCC2)cc1,1
O=C(CCl)Nc1ccc(F)cc1F,1
OCCOc1ccccc1,1
CCC(=O)N1CCN(c2ccccc2)CC1,1
Cl,1
O=C(CCl)Nc1ccc(-c2ccc(O)cc2)cc1,1
Cc1ncc(OC2Cc3cc(Nc4ccc(O)cc4)c(C(C)(C)O)cc3C2=O)c(N)n1,1
CCCCO[C@H]1C[C@@H](C2CCCCC2)CN1C1(COc2ccc3nc(S(=O)Cc4cccc(O)c4)[nH]c3c2)CCCCN(C)C1,1
COCc1cc2c(cc1CSC(=N)N)CC[N@@+](C)(C(=O)N1CCN(C)CC1)[C@@H]2Cc1cccnc1,1
CCNC(=O)N1CCN([C@H]2CCC[C@@H]2CO)CC1,1
Cc1cc(C)nc(-c2cc(C(=O)N(C)C)ccc2N2CCSCC2)n1,1
COC(C)=O,1
COc1c(Cc2cccc3ccccc23)nn2ccccc12,1
Cn1ccc(C2C=CS(=O)(=O)C2)n1,1
Cc1ncc(Sc2nc3c(N4c5ccccc5Sc5ccccc54)cccc3s2)c(N)n1,1
COC1CCN(c2c[nH]c3ccc(F)cc23)CC1,1
C1=Cc2ccccc2N(c2ccccc2)c2ccccc21,1
COCC(=O)c1ccccc1,1
CC(CCCNC(=O)c1ccccc1)N1CCN(C)CC1,1
CC(C)=CC(C)=CC=C(C)N(C=O)CCCN1CCOC(C(=O)O)C1,1
Cl,1
CNC1(Oc2ccc(O)cc2)CCCC1,1
CC(CCc1ccc2[nH]cc(CN[C@H]3C[C@@](C)(c4cc(OC5CCC(O)CC5)cn4S(=O)(=O)c4cccnc4)[C@@H](O)[C@H](C)O3)c2c1)NC(=O)C(c1nnnn1C)C1(N[C@H]2C[C@@](C)(OC(=O)CCl)[C@@H](O)[C@H](C)O2)CCCCN(C)C1,1
CC(C)(C)C(=O)NC(=O)Nc1ccccc1O,1
Oc1ccc(CNc2cccc3ccccc23)cc1-c1ccc(Cl)cc1,1
Cl,1
O=CCc1cc(N2CCC(O)CC2)ccc1NC(=O)N1CCCCC1,1
Oc1ccccn1,1
COCc1ccc(C)cc1,1
c1ccc(N2CCCC(N3CCN(Cc4ccsc4)CC3)C2)cc1,1
COC(=O)N1CCOC(CN2C[C@H](C)N[C@H](C)C2)C1,1
COC(=O)CN(CCCNc1cccc2ccccc12)c1cc(Br)cc(Br)c1N,1
COCc1ccccc1CCOc1ccncc1,1
Cl,1
Cc1ccncc1C(=O)N(CCCOC(=O)C1CCN(CCSCc2ccc(CN[C@@H]3C(=O)C[C@@H](O)[C@@H]3C=CC(=O)O)cc2)CC1)[C@H]1CO[C@H]2OCC[C@H]21,1
c1ccc(-c2nc3ccccc3s2)cc1,1
c1ccc(CN2CCCCCC2)nc1,1
CN(C)C(C)(C)CN[C@@H]1CCCO1,1
CCN1CNC(=O)C12CCN(C1CCN(c3ccccc3C)CC1)CC2,1
O=S(=O)([O-])c1ccccc1,1
CCC(=O)N1CNC(=O)C12CCN(c1ccc3[nH]cc(-c4sc(C)nc4C(=O)COC)c3c1)CC2,1
O=C(O)c1ccc(NC(=O)c2ncccn2)cc1,1
CCC(=O)N1CCN(Cc2cnc(C)nc2N)CC1,1
COCC(=O)O,1
Cc1cccc(NC(=O)c2nnnn2C)c1,1
COC(=O)N(C=O)C(C)=C/C(C)=N/Nc1nncc2ccccc12,1
Cl,1
O=C(CCl)NC(=O)CC1(O)CCCC1,1
CCCCSc1ccccc1N1CCN(c2ccccc2)CC1,1
Fc1ccc(Oc2ccccc2-c2ccnc3cc(Cl)ccc23)cc1,1
C[C@@H]1C[C@@H](C(=O)O)[C@@H](O)[C@H](Oc2cccc3ccccc23)O1,1
Cc1ncc(Cc2cc(OCC(C)C)ccc2O)c(N)n1,1
CCCCNc1cc(NC2C=CS(=O)(=O)C2)ccc1O,1
COCCc1ncnc(CNc2nc3c(CN4CCC(O)CC4)cccc3s2)c1-c1ccccc1,1
CC[C@H]1C[C@@H](C2CCCCC2)CN1Cc1ccc(C2CCc3c(c4ccccc4n3C)C2=O)cc1,1
O=C(CCl)OCC[C@H]1CO[C@H]2OCC[C@@H]12,1
CCOc1ccccc1C(=O)N1CCC(NC(=O)OCC(O)c2ccc3cc(CNS(=O)(=O)c4ccc(Cl)s4)ccc3c2)CC1,1
O=S(=O)(CCc1ccccc1)c1ccccc1,1
O=C(CC1CCN(S(=O)(=O)c2ccc(Cl)s2)CC1)N1CCCCCC1,1
O=P(O)(O)C(O)(Cc1nc2ccccc2s1)P(=O)(O)O,1
COC[C@@H]1CCCO1,1
COc1ccsc1,1
CC(C)CN(C(=O)CC[C@H](N)C(=O)O)c1ccccc1,1
O=S(=O)(c1ccc(Cl)s1)N(CC#CBr)c1ccccc1,1
c1cc(Nc2ccc3c(c2)OCO3)ccn1,1
CCN1CCN(c2cnc(C)nc2N)CC1,1
Nc1ccc(N[C@H]2CO[C@H]3OCC[C@@H]23)cc1-c1cccnc1,1
CC(=CC1=C(C)CCCC1(C)C)N(C=O)Cc1c[nH]c2ccc(F)cc12,1
O=S(=O)([O-])c1ccccc1,1
c1ccc(Cc2ccccc2)cc1,1
C=C1CC[C@@]2(O)[C@H]3Cc4ccc(O)c5c4[C@@]2(CCN3c2ccc(CCC(C)=O)cc2)[C@H]1O5,1
CC(CCCOCC(=O)c1ccnc2cc(Cl)ccc12)N1CCCCC1,1
O=C(CCl)N1C(=O)CC2(CCCC2)CC1=O,1
Cl,1
Cl,1
COCCCN1CCOCC1,1
CN(C)C(=O)C(c1ccccc1O)C1(n2c(C(=O)NC(=O)CCl)nc3ccccc32)CCCC1,1
O,1
CC(=C(c1ccc(C[C@]23OC(C)(C)O[C@@H]2C[C@H]2[C@@H]4CCC5=CC(=O)C=C[C@]5(C)[C@H]4[C@@H](O)C[C@@]23C)cc1)c1ccc(Nc2ccccn2)cc1)N(C=O)C(=O)CCl,1
CN[C@H](Cn1cc(OC)c(=O)c2cc(F)c(Oc3cc(-c4ccccc4[N+](=O)[O-])ccc3O)nc21)[C@H](O)COC,1
Nc1c2c(nc3ccccc13)CCCC2,1
CCNCCCCC1CCC(CN(c2c(C)cccc2C)C(C)C)OC1C,1
O=c1c(CC(O)(P(=O)(O)O)P(=O)(O)O)cn(C2CCN(c3ccccc3)CC2)c2nc(C3C=CS(=O)(=O)C3)c(F)cc12,1
CN(C)CCCCCNC[C@H]1CCC[C@@H]1c1ccc2c(c1)OCO2,1
C[C@@H](Cc1ccc(-c2ccccc2)cc1)NC=O,1
NC(=O)c1cc(NCC#CBr)n(S(=O)(=O)c2cccnc2)c1,1
CNC(=O)CCl,1
OC1CCC(N2CCN(CC#CBr)CC2)CC1,1
COCCNc1c(F)cc2c(=O)c(-c3ccccc3)cn3c2c1OC[C@@H]3C,1
NS(=O)(=O)c1nc2ccc(C(=O)CN3CCCCC3)cc2s1,1
Cl,1
COC(=O)c1ccccc1,1
Cc1ncc(CN(C)C)c(N)n1,1
COC(=O)CCl,1
COC(=O)Oc1ccc(-c2cccnc2)c(N(CC#CBr)c2ccccc2)c1,1
OC1(c2nn[nH]n2)CCCC1,1
C/C(C=C[C@H]1[C@H](O)CC(=O)[C@H]1CN1CCCCC1)=N\Nc1nncc2ccccc12,1
CC(C)N1CCOCC1,1
c1ccc(Nc2ccccc2)cc1,1
C[C@@H]1O[C@@H](N2CCCCC2)C[C@@](C)(Cc2cccc(Cl)c2)[C@H]1O,1
C[C@@H]1CCO[C@H]2Cn3cc(N(C)C)c(=O)c(O)c3C(=O)N21,1
CC(COC(=O)CCl)C(=O)c1ccc(-c2ccccc2)cc1,1
CC(=CC(=O)O)N(C=O)C1CCN(C(=O)CCl)CC1,1
CCCOc1ccccc1,1
c1ccc(NCCN2CCCOCC2)cc1,1
Nc1c(F)c(Nc2ccccc2)c(F)c2c1c(=O)c(C(=O)CN1c3ccccc3C=Cc3ccccc31)cn2CNC(=O)CCl,1
CC(=O)c1ccc(C#N)cc1,1
CC(=O)OCCCCCNc1ccccc1[N+](=O)[O-],1
CCCCN1CCN(c2nc3c(Cc4ccc(N(C=O)C(C)=C[C@@H]5[C@H](N6CCN(C(=O)CCl)CC6)C(=O)C[C@H]5O)cc4)cccc3s2)CC1,1
O=C(CN1CCCOCC1)c1cc(-c2ccccc2)cn1S(=O)(=O)c1cccnc1,1
CC(C)N1CCN(c2c[nH]c3ccc(Nc4c[nH]c5ccc(F)cc45)cc23)CC1,1
O=C(O)c1ccc(-c2ccc(O)c(-c3nc4ccccc4s3)c2)cc1,1
COCCNS(=O)(=O)c1ccc(Cl)cc1,1
Fc1cccc(Nc2ccccc2)c1,1
COCC(O)CN1CCN(c2ccc3nc(S(N)(=O)=O)sc3c2)CC1,1
C[C@H]1COc2c(Nc3ccccc3CC=O)c(F)cc3c(=O)c(-c4ccccc4)cn1c23,1
c1ccc(NC2CCCCC2)cc1,1
O=C(CCl)NC(=O)Cc1ccc(O)c(Nc2ccc(F)cc2)c1,1
COC(=O)[C@H]1CCC[C@@H]1OC,1
C[C@]12C[C@H](O)[C@H]3[C@@H](CCC4=CC(=O)C=C[C@@]43C)[C@@H]1CCC2(CCCCNS(=O)(=O)c1ccccc1F)C(=O)O,1
CC1OC(C(=O)COc2nn3ccccc3c2Nc2ccc(CCCCN(CCC(=O)c3ccc(N4C(=O)CC5(CCCC5)CC4=O)c(-c4ccc([C@H](O)CN5CCCC5)cc4)c3)c3ccccn3)cc2)C(O)C(OC(=O)CN2Cc3ccccc3C(c3ccccc3)C2)C1CC=O,1
C=C[C@H]1CN2CC[C@H]1C[C@@H]2N1CCC(NS(C)(=O)=O)CC1,1
COc1ccccc1N(C)C,1
N[C@@H](CCC(=O)Nc1cccc(O)c1)C(=O)O,1
COC(=O)c1ccc(CN2CCN(C)CC2)cc1,1
CCNCC1CN([C@@H]2CCCO2)CCO1,1
COc1ccc(-c2cccc3nc(CS(=O)c4nc5ccc(N6CCCN(C(=O)C[C@@H]7CCCO7)CC6)cc5[nH]4)n(-c4ccc(C#N)nc4)c23)cc1,1
C[C@@H](Cc1ccccc1)N(C)C,1
Oc1ccc(N2CCN(Cc3ccc(-c4ccnc5cc(Cl)ccc45)cc3)CC2)cc1,1
Cl,1
CC[C@H]1C[C@@](C)(CC(=O)N(c2ccccc2)C2(N3CCN(c4ccc(N5CCCC(O)C5C)cc4)CC3)CCCC2)[C@@H](O)[C@H](C)O1,1
COCC(O)CO[C@@H]1C(=O)C[C@@H](O)[C@@H]1C=C(C)C=C(C)C=C(C)C=C(C)N(C=O)Cc1cc2c(cc1-c1ccc(C#N)cc1)C(=O)C(NC(=O)Cc1ccc(Oc3nc4c(-c5ccsc5)cccc4s3)cc1)C2,1
COC(=O)Nc1ccc(O)cc1,1
O=C(NCc1nc2ccccc2[nH]1)c1ccccc1,1
Cc1ncc(C(=O)CCNCc2ccc(O)cc2)c(N)n1,1
Nc1ccc(S(=O)(=O)Nc2nc3ccccc3[nH]2)cc1,1
CCCCC[C@H](O)C=C(C)N(C=O)C(=O)C(CC(N)=O)N1CCCC(n2c(C(O)C(C)N[C@H]3C(=O)N4[C@@H]3SC(C)(C)[C@@H]4N3CCN(C(=O)NC(C)C4OC(C)C(OC)C(NCC(=O)O)C4O)CC3)nc3ccccc32)C1,1
COC(=O)Nc1cccc(NCC(O)CNc2cccnc2Cl)c1,1
C[N@@+]1(c2cccc3ccccc23)CCc2cc(Nc3ccccc3)c(Nc3nn[nH]n3)cc2[C@H]1Cc1ccccc1,1
CC1OC(c2ccc(S(N)(=O)=O)cc2)CCC1Oc1ccccn1,1
O=C(OCCNCc1nc2ccccc2[nH]1)c1cccc(Cl)c1,1
O=S(=O)(c1cccs1)N1CCCCC1,1
COCC(=O)Nc1cc(N2CCCOCC2)ccc1N,1
COC1CCN(C(=O)c2ncccn2)CC1,1
Cc1ncc(OCC(=O)O)c(N)n1,1
C[C@H](CCc1ccccc1)NCC1=C(C(=O)[O-])N2C(=O)[C@H](c3ccsc3)[C@H]2SC1,1
COc1ccc(C=CC2=C(C)CCCC2(C)C)cc1,1
O=C(CCl)N1CCN(c2ccccc2)CC1,1
CCNCCCC(C)N1CCOC(C)C1,1
CS(=O)(=O)N1CCN(c2ccccc2)CC1,1
COC(=O)c1ccccc1,1
Cn1ccc(OC(=O)Oc2cccc3ccccc23)n1,1
COC(=O)c1cc(CC(=O)Nc2ccccc2)ccc1O,1
Nc1ccc(S(=O)(=O)N2CCN([C@@H]3CCCO3)CC2)cc1,1
CO[C@@H]1C[C@@H](C)O[C@@H](C(=O)O)[C@@H]1O,1
CC(C)OCc1ccc(-c2ccsc2)cc1,1
CC1CN(Cc2ccccn2)CCO1,1
COC[C@@H](O)c1nc2ccccc2n1C1CCN(C(=O)NC[C@H]2C[C@@H](C3CCCCC3)CN2C(=O)[C@@H](CNc2cn3c4c(c(C(C)(C)O)c(F)cc4c2=O)OC[C@@H]3C)NC=O)CC1,1
Nc1cc(N2CCN(c3ccccc3)CC2)c(C(=O)N2c3ccccc3Sc3ccccc32)cc1Cl,1
Cl,1
O,1
CC(=C[C@H]1[C@H](O)CC(=O)[C@H]1C(OC[C@H]1CCC[C@@H]1NCc1cc2c(cc1C(=O)N1CCCC(Nc3ccccn3)C1)C(=O)C(N[C@H]1CC[C@H]3[C@@H]4CC=C5C[C@@H](O)CC[C@]5(C)[C@H]4CC[C@]13C)C2)(C1CC(C)(O)C(O)C(C)O1)[C@H](NC(C)C)C(=O)O)N(C=O)c1ccccc1,1
O=C(CCl)N1CCN(c2ccccc2)CC1,1
COCC(O)CNc1ccc(NC(=O)CCl)cc1,1
COCc1ccc(Nc2ccc(SSCCn3ccnc3C)cc2)cc1,1
COCCNc1ccn(C)n1,1
CC(C=CC(=O)O)=CC1=C(C)CCCC1(C)C,1
CC(C)C(Nc1cc2c(cc1C(N)=O)CC[N@@+](C)(c1c[nH]c3ccc(F)cc13)[C@@H]2C[C@@H]1CCCO1)NS(=O)(=O)c1ccc(Cl)cc1,1
Brc1ccc(-c2ccc(CN3CCCC3)cc2)s1,1
COCC(O)COCC#CBr,1
O=C([O-])C1=C(CN2CCCCC2)CS[C@@H]2[C@@H](C(=O)Nc3ccc(F)cc3)C(=O)N12,1
CC(=O)N1CCC(c2ccc(C#N)cc2)CC1,1
CC(=O)NCCN1C[C@@H](C(=O)OCC#CBr)C[C@@H]2c3cccc4[nH]cc(c34)C[C@H]21,1
Cl,1
CC(COc1ccsc1)C(=O)c1nc2ccccc2[nH]1,1
COc1nc2c(cc1F)c(=O)c(N1C(=O)CC3(CCCC3)CC1=O)cn2[C@H]1C[C@@H]2c3cccc4[nH]cc(c34)C[C@H]2N(c2ccccc2N2CCN(C(=O)[C@]34OC(C)(C)O[C@@H]3C[C@H]3[C@@H]5CCC6=CC(=O)C=C[C@]6(C)[C@H]5[C@@H](O)C[C@@]34C)CC2)C1,1
CO[C@@H](C)Cc1ccccc1,1
COC(=O)c1ccc(C(=O)N2CCN(c3ccccc3)CC2)cc1,1
CC(CNCc1ccc(O)c(-c2ccccc2)c1)C(=O)c1cccnc1Cl,1
O=C(O)C=C[C@@H]1[C@H](Nc2ccccc2)C(=O)C[C@H]1O,1
Cc1cccc(C)c1N1CCN(C(=O)CP(=O)(CCCC[C@@H]2O[C@H](C)C[C@@H](SSC(CCO)=C(CCO)SSCc3ccccc3-c3cccc(COCc4cccc5sc(N6CCN(C[C@H](O)C7CCN(c8ccc(O)cc8)CC7)CC6)nc45)c3)[C@H]2O)Oc2ccccc2-n2ccnc2C)CC1,1
Cn1nnnc1-n1c(CC2CCC(O)CC2)nc2ccccc21,1
Cc1ccccc1NC(=O)N(C)C,1
O=C(Cc1ccccc1-c1c[nH]c2ccc(C(=O)CCOC3CCN(CCCCCOc4cc(CC(=O)N5CCCCC5)ccc4O)CC3)cc12)Nc1ccccc1,1
CN(C)C1CCN(CC2=C(C(=O)[O-])N3C(=O)[C@H](c4ccc(-c5ccc(S(N)(=O)=O)cc5)cc4)[C@H]3SC2)CC1,1
CCC(=O)N1CCC(c2ccc(-c3ccccc3)cc2)CC1,1
COC(=O)[C@@H](CN1CCC(C(=O)COC(=O)CC[C@H](N)C(=O)O)CC1)OC,1
CC1OC(C(=O)Nc2ncccn2)C(O)C([C@@H]2O[C@H](C)C[C@@H](C(=O)CO)[C@H]2O)C1c1ccc(O)c(C2CCCCC2)c1,1
O=C(c1ccccc1-c1ccc(N2CCNCC2)cc1)N1CCC(c2ccccc2)CC1,1
C[C@H]1COc2c(-c3ccccc3Oc3nc4ccccc4n3-c3ccnc4cc(Cl)ccc34)c(F)cc3c(=O)c(-c4ccc(S(N)(=O)=O)cc4)cn1c23,1
c1cnc2[nH]cc([C@@H]3CCCO3)c2c1,1
O=S1(=O)CC(O)C1,1
Cl,1
COC(=O)Cc1ccc(F)cc1F,1
O=S(=O)([O-])c1ccccc1,1
CCC1C(O)C(Nc2ccc(OC)cc2N(CCCN2CNC(=O)C23CCN(c2ccccc2)CC3)c2cnccc2C)OC(C)C1OC,1
CC(=O)N1CCN(c2cccc(F)c2)CC1,1
COC(=O)c1cc(C(C)(C)O)ccc1Nc1c[nH]c2ncccc12,1
CC(C)(C)OC(=O)CCl,1
CNCCOc1ccc(Cl)s1,1
Clc1cccc(NCc2ccccc2)c1,1
CC1OC(Cc2ccc(C#N)cn2)CCC1c1ccccc1O,1
c1ccc(-c2nc3c(CCCCN4CCOCC4)cccc3s2)cc1,1
CC1(C)O[C@@H]2C[C@H]3[C@@H]4CCC5=CC(=O)C=C[C@]5(C)[C@H]4[C@@H](O)C[C@]3(C)[C@@]2(c2ccccc2)O1,1
CCNC(=O)CN1CCN(C(C)C)CC1,1
Cl,1
N[C@@H]1CONC1=O,1
CC(C)N1CCN(C(=O)CCl)CC1,1
C[C@]12CC[C@@H](O)C[C@@H]1CC[C@H]1[C@@H]3CC[C@H](N4CCN(CCO)CC4)[C@@]3(C)CC(=O)[C@@H]12,1
c1ccc2c(c1)OCC(C1=NCCN1)O2,1
COC[C@@H](O)[C@@H](CC1CCN(c2cccc3ccccc23)CC1)NCc1ccc(C)cc1,1
COC(=O)C(C)(C)C,1
Cl,1
c1ccc([C@@H]2CCCO2)cc1,1
Cc1ncc(C(=O)N2CCN(S(=O)(=O)c3ccc(N)cc3)CC2)c(N)n1,1
CO[C@@H]1C[C@@H](C)O[C@@H](OC)[C@@H]1O,1
Cc1ccc([C@@H](O)CNc2cc(NCC(C)C(=O)c3ccnc4cc(Cl)ccc34)ccc2O)cc1,1
CCCN1CCC(C(=O)NC(=O)CCl)CC1,1
CN(C)C(=O)Cc1ccccc1,1
O=S(=O)(Nc1nn[nH]n1)c1ccc(Cl)cc1,1
Nc1ccc(Nc2ccccc2)cc1-c1ccccc1,1
COCc1ccc2nc(S(=O)Cc3ccc(-c4ccc(S(N)(=O)=O)cc4)cc3)[nH]c2c1,1
CC(=O)N1CCN(c2ccc(CC(=O)N[C@@H]3[C@H](C)[C@H](N(C)C)[C@](C)(O)C[C@@H](C)CN(C)[C@H](C)[C@@H](O)[C@](C)(O)[C@@H](N4Cc5ccccc5C(c5ccccc5)C4)OC(=O)[C@@H]3C)cc2)CC1,1
N#Cc1ccc(NC(=O)CCl)nc1,1
CN(C)C(=O)CN1CCCC1,1
COC(C)(C)CN1C[C@@H](C(=O)NCCOc2ccccc2)C[C@@H]2c3cccc4[nH]cc(c34)C[C@H]21,1
Nc1ccc(S(=O)(=O)N2CCOC(NS(=O)(=O)c3cccc(F)c3)C2)cc1,1
O=[N+]([O-])c1ccccc1OCC(O)CN1CCCCC1,1
CO[C@H](C)CCc1ccnc2ccc(-c3nc(C)cc(C)n3)cc12,1
O=C(CCl)Nc1cccnc1Cl,1
CC(C(O)c1cn2c3c(c(-c4ccc(Br)s4)c(F)cc3c1=O)OC[C@@H]2C)N1CCOCC1,1
COC(=O)N1CCC(N2CCN(c3ccsc3)CC2)CC1,1
CNCc1ccc(C(=C[C@H]2[C@H](O)CC(=O)[C@H]2[C@@H](O)CN2CCC(NCC(=O)c3ccc(N)c(N(C=O)C(C)=CC(C)=Cc4ccc([C@H](O)CNc5cccc(F)c5)cc4)c3)CC2)c2ccc(-c3ccnc4cc(Cl)ccc34)cc2)cc1,1
Cc1ncc(NC(C)C)c(N)n1,1
COC(=O)c1ccccc1C(=O)N1CCN(C(=O)CCNC2CCN(C3(Nc4ccc(F)cc4)CCCCN(C)C3)CC2)CC1,1
CC(C)Oc1cn2c3c(c(CCCCCCC(=O)Oc4cn(C)nn4)c(F)cc3c1=O)OC[C@@H]2C,1
O=P(O)(O)O,1
NC(=O)c1ccc(O)cc1,1
CCCN1CCOC(C(=O)CCNCC)C1,1
O=C([O-])C1=C(CN2C[C@H](C3CCCCC3)C[C@@H]2c2ccccc2)CS[C@@H]2[C@@H](c3ccccc3)C(=O)N12,1
O=CNCc1ccccc1CS(=O)c1nc2ccc(C(=O)CNc3ccco3)cc2[nH]1,1
COc1ncnc(-c2ccc(S(N)(=O)=O)cc2)c1-c1cccnc1,1
O=C(CCl)N1CCC(OCc2ccccc2)CC1,1
O=P(O)(O)C(O)(Cc1ccc(N2CCSCC2)cc1)P(=O)(O)O,1
O=C(CCl)OC1C=CS(=O)(=O)C1,1
CC(C)Nc1ccc(Nc2ccc(C#N)cc2)cc1,1
C[C@@H]1O[C@@H](N2CCOCC2)C[C@@](C)(c2cc3c(cc2N2CCC(N4CCC(c5cc(C(N)=S)ccn5)CC4)CC2)CC([C@H]2CCCN2C)C3=O)[C@H]1O,1
O=C(Cc1ccc(C(=O)O)c(-c2ccccc2)c1)NCC(=O)N1CCCC1=O,1
COc1cn(-c2ccccc2)c2nc(-c3ccc(F)cc3)c(F)cc2c1=O,1
OCc1nc2ccccc2[nH]1,1
CC(=O)N1CCC(Nc2nc3ccccc3[nH]2)CC1,1
BrC#CCNc1ccccc1,1
c1ccc(CNc2ccccc2)cc1,1
O=C(O)C=C[C@@H]1[C@H](N2CCN(C3C=CS(=O)(=O)C3)CC2)C(=O)C[C@H]1O,1
CC1C(O)CCCN1C(=O)CCN1CCSCC1,1
O=C(CCl)Nc1ccccc1,1
c1ccc2c(OCc3c[nH]c4ccc(CN5CCCCC5)cc34)cccc2c1,1
CCCc1ccc(O)c(OC[C@H](C(=O)NC(=O)CCl)N2CCNCC2)c1,1
O=S1(=O)C=CC(N2CCN(c3ccccc3)CC2)C1,1
c1ccc(-c2ccc(Nc3ccccn3)cc2)cc1,1
CC(=C/C(C)=N/Nc1nncc2ccccc12)N(C=O)C(=O)c1ccccc1-c1sc(C)nc1Nc1ccc(C)cc1,1
O=C(CCl)N1CCC(O)CC1,1
c1ccc(N2CCN(c3ccccn3)CC2)cc1,1
COc1nc2c(cc1F)c(=O)c(-c1ccc(C#N)nc1)cn2CC(C)(C)N,1
N#Cc1ccc(C(CCOc2cc(Br)cc(Br)c2N)c2ccsc2)cn1,1
Nc1cc(N2CCN(C[C@H](O)c3cccc(F)c3)CC2)c(CCCCNCc2c[nH]c3ncccc23)cc1Cl,1
N#Cc1ccc(NC(=O)COc2ccccc2[N+](=O)[O-])cn1,1
CN1CCCCC(Oc2nc3ccccc3[nH]2)(c2ccccc2)C1,1
CCCNCCC(=O)OC,1
O=C(CCl)N1CCCOCC1,1
CCN1CCN(C(=O)CC[C@H](N)C(=O)O)CC1,1
CCCc1ccc(OCc2ccc3c(c2)OCO3)cc1,1
O=C(CNCC(O)c1ccccc1)c1ccc(Nc2ccccc2-c2ccc(F)cc2)cc1,1
COC(=O)Nc1cccs1,1
COCC1(c2nc3ccccc3s2)CCCC1,1
CCC1CN(c2cc3c(cc2-c2ccccc2C)[C@@H](C[C@H]2C(=O)N4[C@@H]2SC(C)(C)[C@@H]4NC(C)=O)[N@+](C)(c2cc([C@@H](O)COC4CCCCC4)ccc2O)CC3)CCO1,1
CC(OC(=O)CCl)C(O)c1ccncc1,1
O=S(=O)(c1ccc(Cl)s1)N1CCSCC1,1
c1ccc(N2CCC(c3cccs3)CC2)cc1,1
Brc1ccc(N2CCCCC2)s1,1
O=[N+]([O-])c1ccccc1CN1C[C@H](C2CCCCC2)C[C@@H]1N1CCCC1,1
CC(C(O)c1cc(CC(=O)N2CCCC2)ccc1O)N1CCN(C)CC1,1
C[C@@H]1O[C@@H]([C@@H]2C[C@@H](C)O[C@@H](CNC(=O)c3ccncc3)[C@@H]2O)C[C@@](C)(CN(C)C)[C@H]1O,1
COc1ccc2cc(-c3cc(-c4cccs4)n(S(=O)(=O)c4cccnc4)c3)ccc2c1,1
COCC1=C(C(=O)[O-])N2C(=O)[C@H](Cc3ccccc3)[C@H]2SC1,1
CC(=O)Nc1ccc(SSC(=CC=CC(=O)O)CCO)cc1,1
O=C(c1ccccn1)N(CC#CBr)c1ccncc1,1
CCc1ccc2cc(C(=O)O)ccc2c1,1
CN(C)c1ccccc1CC(C)(C)N,1
CC(=C(C)N(C=O)C(C)CCCOC(=O)c1ccc2c(c1)OCO2)N(C=O)C(=O)NC(=O)c1ccccc1,1
O=C(c1ccccc1)N1CCN(CCc2nc3ccccc3n2-c2ccc(O)c(-n3ccnc3)c2)CC1,1
N#Cc1ccccc1S(=O)(=O)N(C(=O)CCl)c1cccc(F)c1,1
CC(=O)N(C(=O)CC[C@H](N)C(=O)O)S(=O)(=O)c1ccccc1F,1
CC1OC(C2(OC(=O)CCl)CCCC2)CC(C)(O)C1O,1
Cl,1
COCCC(=O)c1ccccc1,1
CC(=O)Oc1cccnc1Cl,1
Cl,1
Cl,1
CN(C)Cc1ccc(C#N)cc1,1
CN1CCCc2ccc(S(N)(=O)=O)cc21,1
Oc1ccc(COc2cccc(Cl)c2)cc1,1
COC(=O)OC(C)=O,1
C[C@@H](Cc1ccnc2cc(Cl)ccc12)N1CCC(NC(=O)CCl)CC1,1
Cc1cnc(CNCc2ccc([C@@H](O)CSc3ccc(-c4ccc(O)c(C(=O)NC[C@@H]5CCCO5)c4)cc3)cc2)c(C)c1N1CCN(CC2CCN(C(=O)CCl)CC2)CC1,1
Cc1ccc(C)c(S(=O)(=O)Nc2ccccc2)c1,1
CC(=O)NC1CCN(Cc2ccccc2)CC1,1
Fc1ccc([C@H]2CCC[C@@H]2NC2CCN(CC#CBr)CC2)cc1,1
Cl,1
CC(C)(C)N1CCN(CCCCCNc2ccccc2[N+](=O)[O-])CC1,1
Oc1ccc(N2Cc3ccccc3C(c3ccccc3)C2)cc1-c1cccc(NCC#CBr)c1,1
CCCCNc1ccc(F)cc1F,1
O=C(NC1(O)CCCC1)[C@@H](O)[C@@H]1CCCO1,1
COC(=O)CSC(=N)N,1
CC(C)(C)C(=O)Oc1ccncc1,1
CN1CCC[C@@H]1NC(=O)CCl,1
CC1OC(NC(=O)CCl)C(O)C(OCCCN2CCN(CC3CCN(Cc4ccccc4)CC3)CC2)C1c1ccccc1,1
O=C(CCl)N1CCN(CC(O)CNCCO)CC1,1
COc1ccc2nc(S(=O)Cc3cccc(N4CCN(S(=O)(=O)c5cccc(F)c5)CC4)c3)[nH]c2c1,1
O=C(CCl)OC(=O)Cc1cccs1,1
CC(=CC(=O)O)N(C=O)c1ccc([C@H]2C[C@@H]3c4cccc5[nH]cc(c45)C[C@H]3N(CC#CBr)C2)c(-c2ccc(Cc3ncccn3)cc2)c1,1
Cc1cnc(N2CCOC(Nc3ccc(S(N)(=O)=O)cc3)C2)c(C)c1CNc1ccc(-c2cn3c(c(O)c2=O)C(=O)N2[C@H](C3)OCC[C@H]2C)cc1,1
COc1ccc(O)c(-c2ccc(CC=O)cc2)c1,1
O=[N+]([O-])c1ccccc1OC1CCC(O)CC1,1
CC(=CC(=O)O)N(C=O)C1CCN(C(C)C)CC1,1
CC1OC(C[C@]23OC(C)(C)O[C@@H]2C[C@H]2[C@@H]4CCC5=CC(=O)C=C[C@]5(C)[C@H]4[C@@H](O)C[C@@]23C)CCC1Nc1ccc(-c2ccc(-n3cccn3)c(N3CCCOCC3)c2)cc1,1
N#Cc1ccccc1S(=O)(=O)NC(=O)c1ccccc1,1
C[C@@H]1O[C@@H](OCC(O)CNc2cc(N)c(Cl)cc2OC2CCN(S(=O)(=O)c3cccs3)CC2)C[C@@](C)(CNCc2nn3ccccc3c2NCCc2ccc(N(C)C)cc2)[C@H]1O,1
COCCN1CCN(c2cccc(Cl)c2)CC1,1
O=C(CCl)NCc1ccccc1,1
CC(=O)c1cc(-c2ccc3nc(S(N)(=O)=O)sc3c2)ccc1NC(=O)CCl,1
CCNCCN(C)C,1
C=C1CC[C@@]2(O)[C@H]3Cc4ccc(O)c5c4[C@@]2(CCN3[C@@H]2N3C(=O)[C@H](c4ccc(Cl)cc4)[C@H]3SC2(C)C)[C@H]1O5,1
Clc1ncccc1COC1(c2ccccc2)CCCC1,1
CCCN1CCN(c2ccccc2O)CC1,1
CC(C)N1CCN(C(=O)C2CCN(C3CCN(c4ccccc4)CC3)CC2)CC1,1
CN(C)S(=O)(=O)c1ccc(N)cc1,1
O=S(=O)([O-])c1ccccc1,1
CC[C@H]1C[C@@](C)(N2CCN(c3cc(CNC4CCN(C(=O)N5CCN(C)CC5)CC4)ccc3O)CC2)[C@@H](O)[C@H](C)O1,1
COCc1ccc(N2CCSCC2)cc1,1
Cc1nc(CN2CCN([C@H](C)CCc3ccc(N4c5ccccc5C=Cc5ccccc54)cc3)CC2)c(-c2ccc(C#N)cc2)s1,1
O=C(CCl)NCC[C@@H]1CCCO1,1
O=S(=O)([O-])c1ccccc1,1
CCOCc1c[nH]c2ccc(F)cc12,1
CCNC1CCN(C2CCC(O)CC2)CC1,1
Cc1cc(C)nc(NC(=O)Cc2ccc(Nc3ccccc3)cc2)n1,1
CCOC,1
Cc1ccc(C(=O)N2CCN([C@H]3C(=O)N4[C@@H](c5ccccc5)C(C)(C)S[C@H]34)CC2)cc1,1
CCN1CCCN(c2ccccc2OC)CC1,1
C=C1CC[C@@]2(O)[C@H]3Cc4ccc(O)c5c4[C@@]2(CCN3CC(O)CN2CCN(C(C)=O)CC2)[C@H]1O5,1
Cl,1
CC(=O)N1CCN(Cc2ccn(C)n2)CC1,1
CC(=O)CCc1ccc(Nc2cccc(-n3ccnc3)c2)cc1,1
Cl,1
O=C(CCl)NC(=O)c1cccnc1,1
NCCc1ccccc1C1CC1,1
COCc1c(OC)ncnc1C(=O)NC(=O)C(C)(C)C,1
CC(NCCNCc1ccccc1)c1ccc(-c2ccccc2)cc1,1
CN(C)CCCSC(=N)N,1
O=C(O)c1cc(NC2CCC(O)CC2)cn1S(=O)(=O)c1cccnc1,1
Cl,1
Cc1ccccc1CCOc1ccccc1,1
CC(=O)Nc1ccccc1,1
CC1(C)S[C@@H]2[C@@H](CN3CCN(c4ccc(F)cc4)CC3)C(=O)N2[C@H]1C(=O)O,1
C[C@@H]1CC[C@H]2[C@@H](C)[C@@H](O)O[C@@H]3O[C@@]4(C)CC[C@@H]1[C@@]23OO4,1
Cc1ncc(OCc2cccc(Cl)c2)c(N)n1,1
COCCCC(C)N1Cc2ccccc2C(c2ccccc2)C1,1
c1ccc(C2(c3ccccc3)CCCC2)cc1,1
CC(C)=C[C@H]1[C@H](O)CC(=O)[C@H]1CNc1c(F)c(N)c2c(=O)c(OC3CCCO3)cn(CSSC(CCO)=C(CCN3CCN(c4ccc(Br)s4)CC3)SSC(=C[C@H]3[C@H](O)CC(=O)[C@H]3c3cccnc3Cl)CCNc3cccnc3Cl)c2c1F,1
CC(NCCO)C(O)c1ccc(-c2ccc(C#N)cc2)cc1,1
O=C1Nc2ccccc2C1(c1ccc(O)cc1)c1ccc(O)cc1,1
CC1CN(CC2(CN3CCC(c4cccc(O)c4)CC3)CCCC2)CCO1,1
CC(CCc1ccc(O)c(O)c1)Nc1cc2c(cc1C1CCC(c3ccccc3[N+](=O)[O-])OC1C)C(=O)C(c1cccnc1)C2,1
CC(=C[C@H]1[C@H](O)CC(=O)[C@H]1c1ccc(F)cc1)C=C(C)N(C=O)S(=O)(=O)c1ccc(N)cc1,1
COC(C)=O,1
N[C@@H]1CONC1=O,1
O=CNC(=O)c1ccccc1,1
CCCCC(C)(O)CC=C[C@H]1[C@H](O)CC(=O)[C@H]1CNc1cc(N2c3ccccc3C=Cc3ccccc32)ccc1N1CCC(c2c(C(=O)CNC(=O)CCl)nc(N3CCOC(C)C3)n2-c2ccc(C#N)cc2)CC1,1
O=C(COCC(=O)c1ccc(Br)s1)Oc1ccc(F)cc1,1
O=[N+]([O-])c1ccccc1-c1ccc(-c2ccccc2)cc1,1
CC(=C(C)N(C=O)c1cccc(Cc2ccccc2)c1)N(C=O)C(=O)CCl,1
Cc1ncc(C(NCc2ccc(CN(C)C)cc2)c2ccc(Cl)cc2)c(N)n1,1
COC[C@@H](O)c1cccc(Cl)c1,1
COc1ccccc1CC1Cc2cc(NC[C@H]3C[C@@](C)(c4cccc(O)c4)[C@@H](O)[C@H](C)O3)c(-c3ccccn3)cc2C1=O,1
Cl,1
Cc1nccn1COc1cn(C)nn1,1
C/C(C=C[C@@H]1[C@H](NC(=O)CCl)C(=O)C[C@H]1O)=N\Nc1nncc2ccccc12,1
N[C@@H](CCC(=O)NCc1cccc(Cl)c1)C(=O)O,1
CCN1CCOCC1,1
COCc1ccc(-c2cc(Cl)c(N)cc2CS(C)(=O)=O)cc1,1
COCc1cccnc1,1
O=C1CC2(CCCC2)CC(=O)N1C1CCN(Cc2cccc3sc(-c4ccccn4)nc23)CC1,1
O=C(NC1CCCO1)c1ccc2c(c1)OCO2,1
CN(C)C(=O)CCOC(=O)c1ccc(F)cc1,1
O=C(CCl)NC(=O)CCl,1
COCC(O)c1ccc(F)cc1F,1
O=C(CCl)OCC(O)c1ccccc1C1C=CS(=O)(=O)C1,1
Nc1cc(NC(=O)c2ccc(O)cc2)c(-c2ccccc2)cc1Cl,1
Clc1ccc2c(C3CCN(c4ccccc4)CC3)ccnc2c1,1
OC1(Nc2ccc(Cl)s2)CCCC1,1
C[C@@H]1C[C@@H](c2ccc(C(N)=O)cc2)[C@@H](O)[C@H](N2CCCC2)O1,1
Cl,1
O=C(NC1CCCCC1)c1ccccc1,1
CCN(C)C,1
CO[C@H]1CCC[C@@H]1N1CCN(CC(C)C(=O)c2ccccc2)CC1,1
CC(CCc1ccccc1O)N1CCN(c2cccs2)CC1,1
COCc1ccc(O)cc1,1
Cc1ccc(C(=O)N(C)Cc2cccnc2)cc1,1
CC1OC(O[C@H]2CC[C@H]3[C@@H]4CC[C@H]5C[C@H](O)CC[C@]5(C)[C@H]4C(=O)C[C@]23C)CC(C)(O)C1O,1
O=S(=O)(O)O,1
CC1=C(C=Cc2ccc([N@+]3(C)CCc4cc(-n5ccnc5)c(C(=O)C(C)CN5CCN(C[C@@H](O)c6c[nH]c7ncccc67)CC5)cc4[C@H]3CC3CCC(O)CC3)cc2)C(C)(C)CCC1,1
Cl,1
C=C1CC[C@@]2(O)[C@H]3Cc4ccc(O)c5c4[C@@]2(CCN3CCC(=O)O[C@H]2CCCN2C)[C@H]1O5,1
Nc1c(Br)cc(Br)cc1CC1CCN(c2ccc(N3CCOCC3)cc2)CC1,1
CC1(C)S[C@@H]2[C@@H](CCCCCCC(=O)O)C(=O)N2[C@H]1N1CCCC1,1
CC(=O)NC(=O)CCl,1
CC1CN(c2cc(COC(=O)C3CCC(c4ccccc4)OC3C)ccc2O)CCO1,1
COC1CCN(c2c(C)cnc(N3CCN(Cc4c(C)cnc(-c5ccc(O)c(C(=O)C(C)CN6CCCCC6)c5)c4C)CC3)c2C)CC1,1
C[C@@H](Cc1cccc2ccccc12)Nc1ccnc2cc(Cl)ccc12,1
Cc1cnc(-c2ccccc2)c(C)c1-c1ccc2cc(CS(C)(=O)=O)ccc2c1,1
CCN1CCC2(CC1)C(=O)NCN2C(=O)Nc1ccc(C#N)cn1,1
CC(=O)Oc1cc(OCc2cccnc2)ccc1O,1
O=C(CCl)N1CCN(C(=O)CCCCCCc2ccc([C@H]3CCC[C@@H]3[C@H](O)COc3cccc(Cl)c3)cc2)CC1,1
COc1ccc(N)c(-c2cc(-c3ccccc3)ccc2C(N)=O)c1,1
CN1CCCCC(OCCNC(=O)CCl)(C(N)=O)C1,1
Cl,1
CCC(=O)N1CCOC(CC)C1,1
Cl,1
COCCOC,1
COc1c[nH]c2ccc(C(N)=O)cc12,1
Cl,1
CC(=O)Oc1ccc(OC(=O)CCl)cc1,1
Cl,1
O=CNC(=O)CCl,1
CN1CCCCC(C(=O)N2CCOCC2)(c2ccsc2)C1,1
C=C1CC[C@@]2(O)[C@H]3Cc4ccc(O)c5c4[C@@]2(CCN3CC2(C(N)=O)CCCC2)[C@H]1O5,1
Oc1ccccc1N1CCC(NCC(O)CN2c3ccccc3C=Cc3ccccc32)CC1,1
CN1CCCCC(CN(CC2(c3ccc(N4CCN(c5ccccc5CC(O)(P(=O)(O)O)P(=O)(O)O)CC4)cc3)CC[C@H]3[C@@H]4CCC5=CC(=O)C=C[C@]5(C)[C@H]4[C@@H](O)C[C@@]32C)c2ccncc2)([C@H]2CCCN2C)C1,1
CC(NC(=O)c1nc2c(-c3ccccc3-c3ccsc3)cccc2s1)C(O)c1cccs1,1
CO[C@H]1C(=O)N2C(C(=O)[O-])=C(CN(C(=O)Cc3ccccc3)C3CCC(O)CC3)CS[C@H]12,1
COc1cccc(Nc2ccc3nc(S(N)(=O)=O)sc3c2)c1,1
CN1CCN(C(=O)Cc2cccc3ccccc23)CC1,1
COc1ccc(C)cc1,1
Cc1ccc(O)c(N2CCN(C(=O)CC[C@H](N)C(=O)O)CC2)c1,1
COCC(C)C(=O)[C@H]1CCC[C@@H]1NC(C(C)C)N1CCC(OC(=O)CC2CCN(C(NC[C@@H](O)c3ccccc3CCCCN3CCN(CCC(=O)c4cccc(C(=O)OC)c4)CC3)C(C)C)CC2)CC1,1
Cc1cnc(-c2ccc(O)c(Nc3cccc4ccccc34)c2)c(C)c1Nc1ccccc1,1
CC(C)N1CCN(Cc2ccc(Cl)cc2)CC1,1
O=C(Nc1nc2ccccc2[nH]1)c1ccc(O)cc1,1
CO[C@H]1C[C@@](C)(C2CN(c3ccc(O)c(O)c3)CCO2)[C@@H](O)[C@H](C)O1,1
O=C(CCl)N1CCN(CCc2ccccc2F)CC1,1
O=C(CCl)Oc1ccc(N2C(=O)CC3(CCCC3)CC2=O)cc1,1
CC(c1ccc(Br)s1)N1CCN(c2ncccn2)CC1,1
CSCCCC(=O)c1cccc(N2CCN(S(=O)(=O)c3cccs3)CC2)c1,1
Nc1cc(-n2cccn2)c(Nc2ccc(Cl)s2)cc1Cl,1
O=C(CCl)Nc1ccccn1,1
COc1cc2c(cc1C(=O)N1CCN(c3c(C)cnc(N4CCN(c5ccccc5-c5ccccc5)CC4)c3C)CC1)CC[N@@+](C)(C1CCc3c(c4ccccc4n3C)C1=O)[C@@H]2CC1CCCN(c2ccc(Cl)s2)C1,1
Oc1cccc(CN2CCOC(CNc3ccccc3)C2)c1,1
Fc1ccc(COCc2ccc(NCc3ccsc3)cc2)cc1,1
CCCOC(=O)C(C)(C)C,1
CC1(C)O[C@@H]2C[C@H]3[C@@H]4CCC5=CC(=O)C=C[C@]5(C)[C@H]4[C@@H](O)C[C@]3(C)[C@@]2(CC2C=CS(=O)(=O)C2)O1,1
CCN1CCCCC1,1
Cl,1
CC(=O)N1CCC(c2cccnc2)CC1,1
Cc1nccn1-c1cc(-c2ccccc2)ccc1C(N)=O,1
Nc1c(F)c(-c2cccnc2)c(F)c2c1c(=O)c(-n1cccn1)cn2CC(=O)N1CCN(c2ccc(O)cc2)CC1,1
O=S(=O)(c1cccnc1)n1cc(N2CCC(N3CCN(c4ccccc4)CC3)CC2)cc1N1CCCCCC1,1
C=C1CC[C@@]2(O)[C@H]3Cc4ccc(O)c5c4[C@@]2(CCN3[C@@H](C)Cc2ccccc2)[C@H]1O5,1
CC(=C(CCO)SSCC(O)c1cccc(-c2ccccc2)c1)N(C=O)C(=O)CCl,1
O=C(CCl)N(c1ccccc1F)C1CCCCC1,1
Cc1cccc(OC(C)(C)CNC(C)c2nc3ccccc3[nH]2)c1,1
CC(=C(C)N(C=O)c1ccc(C)cc1)N(C=O)CCCOCc1cccs1,1
Cc1nccn1-c1ccc(CNC(C)CCCN2c3ccccc3Sc3ccccc32)cc1,1
Cc1ncc(-c2ccc3nccc(OCC4C=CS(=O)(=O)C4)c3c2)c(N)n1,1
C=C1CC[C@@]2(O)[C@H]3Cc4ccc(O)c5c4[C@@]2(CCN3CC)[C@H]1O5,1
CCCOc1ccccc1,1
CC(=CC1=C(C)CCCC1(C)C)N(C=O)c1ccc(Cl)s1,1
CN1CCN(C(=O)[C@@H](CN2CCCC2)Nc2ccccc2N2CCOCC2)CC1,1
NS(=O)(=O)c1ccc(Br)cc1,1
CCN1CCC(c2cccc(NC3CCN(C(=O)c4ccccc4-c4ccc(F)cc4)CC3)c2)CC1,1
CC(=O)NC1CCN(Cc2ccc(Br)s2)CC1,1
COCCN1CCN([C@@H]2C(=O)C[C@@H](O)[C@@H]2C=C(C)N(C=O)C(=O)CCl)CC1,1
OC1CCN(c2ccc(-c3ccccn3)cc2)CC1,1
COCC(=O)N1c2ccccc2C=Cc2ccccc21,1
C[C@]12CC(=O)[C@H]3[C@@H](CC[C@H]4C[C@H](O)CC[C@@]43C)[C@@H]1CC[C@@H]2NCc1ccccn1,1
CC(=O)NCCc1ccc(F)cc1F,1
C[C@]12CC(=O)[C@H]3[C@@H](CC[C@H]4C[C@H](O)CC[C@@]43C)[C@@H]1CC[C@@H]2c1nn2ccccc2c1CN1CCN(c2ccc(O)cc2)CC1,1
C[C@]12CC[C@H]3C(=CCc4cc(O)ccc43)[C@@H]1CCC2=O,1
O=C(CCl)N1CCC2(CC1)C(=O)NCN2c1ccsc1,1
CN(C)[C@H](COc1nnnn1C)C(=O)N1CCN(C2CN(Cc3cccc4ccccc34)CCO2)CC1,1
O=C(CCl)NCc1ccc(F)cc1,1
CCCc1ccc(C=C(C)C=C(C)N(C=O)[C@H](C)CCc2ccccc2)cc1,1
NS(=O)(=O)c1ccc(Br)cc1,1
COC[C@H](O)C1CCC(N(C(=O)c2ccc(O)c(O)c2)[C@@H](C)Cc2ccnc3cc(Cl)ccc23)C(C)O1,1
CCNc1ccsc1,1
Fc1ccc(-c2ccc(N3CCCC(c4cccc(F)c4)C3)cc2)cc1,1
Cn1c2c(c3ccccc31)C(=O)C(CNS(=O)(=O)c1c(F)cccc1F)CC2,1
CC(=O)NCc1cn(C)nn1,1
CN1CCN(S(=O)(=O)c2cccc(F)c2)CC1,1
Clc1cccc(N2CCC(c3nc4ccccc4[nH]3)CC2)c1,1
Cl,1
C[C@]12CC[C@H]3[C@@H](CC=C4C[C@@H](O)CC[C@@]43C)[C@@H]1CC[C@@H]2NCCCN1C[C@@H](NCCCNC2C=CS(=O)(=O)C2)C[C@@H]2c3cccc4[nH]cc(c34)C[C@H]21,1
c1ccc(OCCc2ccco2)cc1,1
CCCCC[C@H](O)C=C[C@@H]1[C@H](Nc2cccc(Cl)c2)C(=O)C[C@H]1O,1
CCOc1cccc(C(=O)O)c1,1
C=C1CC[C@@]2(O)[C@H]3Cc4ccc(O)c5c4[C@@]2(CCN3CCCOC(=O)CC)[C@H]1O5,1
Cn1c2c(c3ccccc31)C(=O)C(Oc1ccc(O)c(N3CCCN(C(=O)c4cc(Nc5ccc(O)cc5)cn4S(=O)(=O)c4cccnc4)CC3)c1)CC2,1
COC(C)CCCN1CCC(O[C@H]2CCCN2C)CC1,1
Fc1ccccc1[C@H]1CCC[C@@H]1Nc1ccccc1,1
[Na+],1
Cc1ccc(O)c(CNC(=O)CCl)c1,1
COCc1ccc(-c2ccco2)cc1,1
Cc1ccccc1Nc1ccccc1N1CCN(c2nn[nH]n2)CC1,1
NS(=O)(=O)c1ccc(N2CCN(c3cc(CC4C=CS(=O)(=O)C4)ccc3O)CC2)cc1,1
c1ccc(NCCn2c(Nc3ccccc3)nc3cccc(-c4ccccc4)c32)cc1,1
C[C@]12C/C(=C/O)C(=O)C[C@@H]1CC[C@@H]1[C@@H]2CC[C@@]2(C)[C@H]1CC[C@]2(C)O,1
Cl,1
CC=C(C)C=C[C@@H]1[C@H](N2CCN(S(=O)(=O)c3ccccc3F)CC2)C(=O)C[C@H]1O,1
CCO[C@@H]1C(=O)C[C@@H](O)[C@@H]1C=C(C)C,1
COC(=O)[C@@H]1C(=O)C[C@@H](O)[C@@H]1C=CC(=O)O,1
COc1ccc(CC(OC)C(=O)N2CCCCC2)cc1,1
Cc1ccc(C2(C[C@]34OC(C)(C)O[C@@H]3C[C@H]3[C@@H]5CCC6=CC(=O)C=C[C@]6(C)[C@H]5[C@@H](O)C[C@@]34C)CCCCN(C)C2)cc1,1
CC(=C[C@@H]1[C@H](NC(=O)CCl)C(=O)C[C@H]1O)N(C=O)c1ccc(C)cc1,1
CNCCC(=O)c1ccccc1C(=O)Nc1cccc(O)c1,1
Clc1cccc(CNCc2ccc(Cn3ccnc3)c(Nc3ccccc3)c2)c1,1
C=C1CC[C@@]2(O)[C@H]3Cc4ccc(O)c5c4[C@@]2(CCN3CCN2CCC(c3ccc4[nH]cc(-c6ccccc6)c4c3)CC2)[C@H]1O5,1
O=C(O)CN(c1ccc(Nc2ccccc2)cc1)c1ccccn1,1
Cl,1
COCC(O)CNc1ccsc1,1
C[C@]12C[C@H](O)[C@H]3[C@@H](CCC4=CC(=O)C=C[C@@]43C)[C@@H]1CCC2(c1ccccc1O)N1CCOC(C(=O)CNC=O)C1,1
c1ccc(Oc2ccccc2)cc1,1
Cc1nc(OC(C)(C)C)c(-c2ccc(F)cc2F)s1,1
Cc1cnc(Oc2ccc(-c3ccccc3)cc2)c(C)c1-c1ccc2nccc(CC(C)(C)N)c2c1,1
COC(=O)C1C=CS(=O)(=O)C1,1
CC(CCc1ccccc1)NCC(=O)O,1
CCNC(=O)C(Cc1ccc(COCc2ccccc2C(=O)CCN(C=O)C(C)=CC=C(c2ccc(Nc3cnccc3C)cc2)c2ccc(-c3ccc(N4CCCOCC4)cc3)cc2)cc1)OC,1
COc1ccccc1,1
C=CCN(Cc1ccc(O)cc1)c1ccc(F)cc1F,1
CC1C(O)CCCN1Cc1ccc(Br)s1,1
CC1C(O)CCCN1c1ccc(-c2cccc(O)c2)cc1-c1ccccc1[N+](=O)[O-],1
Cc1cccc(C)c1C(O)c1nc2cccc(-c3ccccc3)c2n1CN1CCN(C)CC1,1
CCOC(=O)CCl,1
O=S1(=O)CC(O)C1,1
COC(=O)CCl,1
Cn1ccc(NCc2ncccn2)n1,1
COc1c(C)cnc(C2C=CS(=O)(=O)C2)c1C,1
Cl,1
CC(C)NC(=O)CCN(C)C,1
OCCN1CCCOCC1,1
O=C1C[C@@H](O)[C@H](C=C2CCCCC2)[C@@H]1[C@@H]1CCCO1,1
O=C(CCl)NC(=O)c1ccccc1,1
COC(=O)N1CCCCC1,1
O=C(CCl)N1CCN(C(=O)[C@@H](O)C2C=CS(=O)(=O)C2)CC1,1
COC1CCN([C@]23OC(C)(C)O[C@@H]2C[C@H]2[C@@H]4CCC5=CC(=O)C=C[C@]5(C)[C@H]4[C@@H](O)C[C@@]23C)CC1,1
Cn1c2c(c3ccccc31)C(=O)C(CC1C=CS(=O)(=O)C1)CC2,1
Cc1cccc(C)c1NC(=O)OC(C)C,1
Cc1ncc(C(O)C(C)N2CCN(C(C)C)CC2)c(N)n1,1
Cl,1
CC(C)Oc1nn[nH]n1,1
O=S(=O)(c1ccc(Cl)cc1)N1CCC(c2ccc(-c3ccsc3)cc2)CC1,1
O=S(=O)(O)O,1
[Na+],1
O=[N+]([O-])c1ccccc1N1CCN(c2nn[nH]n2)CC1,1
C[C@@H]1C[C@@H](NS(=O)(=O)c2ccccc2C#N)[C@@H](O)[C@H](C(=O)CCOC(c2ccc(O)cc2)C2(O)CCCC2)O1,1
COCC(C)C(=O)c1cc(CCC(C)=O)ccc1-c1ccsc1,1
O=C(CNc1ccccc1)c1cccc(Cl)c1,1
CO[C@@H](C)Cc1ccc(N)c(N2CCOC(N(C=O)C(C)=C(C)N(C=O)S(=O)(=O)c3ccc(Cl)s3)C2)c1,1
O=P(O)(O)O,1
CCCc1cccc(CN2CCN(c3ccccc3)CC2)c1,1
CN1CCN2c3ncccc3Cc3ccccc3C2C1,1
CCc1ccc(Cl)cc1,1
Cc1cccc(C)c1NCC(=O)O,1
COc1cc(-c2ccccc2)ccc1N,1
CC1OC(CN2CCC(N3CCN(c4cc(CCN)ccc4O)CC3)CC2)CC(C)(O)C1O,1
COC(=O)c1ccnc2ccc(-c3c(C)cccc3C)cc12,1
CN1CCN(c2cc(N3CCN(c4ccc(-c5ccc(CSCCO)cc5)cc4)CC3)ccc2O)CC1,1
Cc1cccc(Nc2ccccc2)c1,1
O=S(=O)([O-])c1ccccc1,1
CN(C)c1ccc(S(N)(=O)=O)cc1,1
Clc1ccc2c(Cc3ccccc3)ccnc2c1,1
COC(=O)Cc1ccccc1,1
CC(CN1CCCCC1)C(=O)c1ccc(OC(=O)Nc2ccc(-c3cc(NC(=O)CCl)ccc3O)cc2)cc1,1
Cc1ccc(CC[C@@H](C)Oc2ccccn2)cc1,1
OC1(Oc2ccccc2)CCCC1,1
Cl,1
CCC(=O)NCCC1CCN(c2c(-c3cccnc3)nn3ccccc23)CC1,1
CN1CCN(C(=O)Nc2nc3ccccc3[nH]2)CC1,1
COCc1ccccc1OC,1
CO[C@@H](C)Cc1cccs1,1
O=C(c1ccnc2cc(Cl)ccc12)N1CCSCC1,1
Cl,1
CCc1cccc(OC)c1,1
Nc1c(Br)cc(Br)cc1Oc1ccc(O)cc1,1
c1cncc(Oc2cccc3ccccc23)c1,1
c1ccc(COC2CCN(C3(NC4CCCCC4)CCCC3)CC2)cc1,1
COCc1ccc(F)cc1,1
O[C@@H](CNc1ccccc1F)c1ccccc1,1
Cl,1
Cc1cccc(C(=O)CNc2ccccc2)c1,1
O=C(Cc1ccc(-c2ccc(O)cc2)cc1)O[C@@H]1C(=O)C[C@@H](O)[C@@H]1C=Cc1ccc(Nc2ccc(O)cc2)cc1,1
Cc1ccc(N(CCCC(=O)C2C(O)C(c3ccccc3)OC(C)C2c2ccccc2)c2ccccn2)cc1,1
CC(c1cccnc1)N(C)C,1
CC(NC(=O)CCl)C(O)c1ccc2c(c1)OCO2,1
COc1ccc(-c2ccc(CN3CCN(C[C@H]4C[C@@H]5c6cccc7[nH]cc(c67)C[C@H]5N(C5(N6CCOC(C)C6)CC[C@H]6[C@@H]7CCC8=CC(=O)C=C[C@]8(C)[C@H]7[C@@H](O)C[C@@]65C)C4)CC3)cc2)cc1OC(C)=O,1
CN(C)C(=O)NC(=O)CCl,1
CC(CNc1ccc(O)cc1)C(=O)c1cc(C(N)=S)ccn1,1
CCc1cn2c3c(c(-c4ccc([C@@H](O)CN5CCN(CC(O)CNC(=O)CCl)CC5)cc4)c(F)cc3c1=O)OC[C@@H]2C,1
O=C(NCC#CBr)c1ccccc1,1
COCCCC(=O)c1ccc(Br)s1,1
COC(C)CCc1cc2c(cc1[C@H]1C(=O)N3[C@@H](O[C@@H]4C(=O)C[C@@H](O)[C@@H]4C=C[C@H]4[C@H](O)CC(=O)[C@H]4CN(C(=O)[C@@H](O)C4CCN(C(=O)CCl)CC4)c4ccccc4)C(C)(C)S[C@H]13)CC[N@@+](C)(c1ccncc1)[C@@H]2Cc1cc(CN(C)C)n(S(=O)(=O)c2cccnc2)c1,1
C[C@@H]1C[C@@H](OC[C@@H](O)c2ccc(C(=CC(=O)O)c3ccc(-c4cccc(O)c4)cc3)cc2)[C@@H](O)[C@H](C(N)=O)O1,1
COCCNC(=O)CCl,1
CN(C)S(=O)(=O)c1ccc(N)cc1,1
O=CNC(=O)CP(=O)(CCCCC1CCN(c2cccnc2Cl)CC1)OC(=O)CC1CC1,1
O=C(CCl)NCCCNc1cccc(N2Cc3ccccc3C(c3ccccc3)C2)c1,1
CC[C@H]1CCC[C@@H]1CCN1CCCCC1,1
Cl,1
O=C(CCl)Oc1ccccc1,1
C[C@]12CC(=O)[C@H]3[C@@H](CC[C@H]4C[C@H](O)CC[C@@]43C)[C@@H]1CC[C@@H]2Nc1ccccc1CC=O,1
OCCOc1cccc2sc(-c3ccccc3)nc12,1
CO[C@H]1C(=O)N2C(C(=O)[O-])=C(CNC(=O)c3cc4c(cc3-c3ccc(C)cc3)CC[N@@+](C)(C(=O)CCl)[C@@H]4C[C@H]3CC[C@H]4[C@@H]5CC=C6C[C@@H](O)CC[C@]6(C)[C@H]5CC[C@@]43C)CS[C@H]12,1
O=S1(=O)C=CC(CNc2ccsc2)C1,1
CC1CN(Cc2ccsc2)CCO1,1
CCCCNC(=O)OC[C@@H]1C(=O)C[C@@H](O)[C@@H]1C=C/C(C)=N/Nc1nncc2ccccc12,1
CC(Oc1ncccn1)C(O)C1C(O)C(C2(c3ccn(C)n3)CCCCN(C)C2)OC(C)C1N1CCN(C)CC1,1
O=C(c1ccccc1)N1CCN(c2cccc3ccccc23)CC1,1
CC=C[C@H]1[C@H](O)CC(=O)[C@H]1CN1CCN(C(C)CC[C@H]2C(=O)N3C(C(=O)[O-])=C(CN4CCN(c5c(-c6cccnc6)ncnc5-c5cc(NC(=O)NC(=O)OC6CCc7c(c8ccccc8n7C)C6=O)ccc5O)CC4)CS[C@H]23)CC1,1
O=C(CCl)NC(=O)CCl,1
Cc1ccncc1CCN1CCN(C(=O)[C@@H](O)c2ccccc2)CC1,1
O=C(O)C=C(c1ccc(COC(=O)C(c2ccc(Cl)cc2)c2cccs2)cc1)c1ccc(N2CCC(NCc3ccccc3)CC2)cc1,1
Cl,1
C[C@H]1COc2c(-c3cccc(Cl)c3)c(F)cc3c(=O)c(CNC(=O)CCl)cn1c23,1
COc1ccc(-c2ccc(-c3ccccc3)cc2)cc1,0
C[C@]12CC[C@@H]3c4ccc(O)cc4C[C@@H](NC4CCCC4=O)[C@H]3[C@@H]1CC[C@@H]2O,0
Fc1ccc(C(Nc2ccc(Oc3ccccc3)cc2)c2ccccc2)cc1,0
Cc1ccc(S(=O)(=O)[N-]Cl)cc1,0
Cc1c(NCC(=O)Oc2cnn3cccnc23)cnn1C,0
Cc1ccc(Cn2c(=O)[nH]c3cc(Cl)ccc32)cc1,0
Nc1cccc(-c2c(I)cc(I)c(N3CCOCC3)c2I)c1,0
COCCCCCCO[C@H]1CC[C@H]2[C@@H]3C=CC4=CC(=O)CC[C@@]4(C)[C@@H]3CC[C@]12C,0
COC(=O)NC(C)C,0
CCC(=O)OC,0
Cc1ccc(-c2cccc([N+](=O)[O-])c2)c(C)c1,0
NC(=O)OC1CC1,0
COCCCNc1ccc(Cl)cc1,0
C1CC(OCCNCCCN2CCNCC2)C1,0
Cc1ccc(OCC2(N(C)C)[C@@H](C)C[C@H]3[C@@H]4CCC5=CC(=O)C=C[C@]5(C)[C@@]4(F)[C@@H](O)C[C@@]32C)cc1,0
CC(C)(C)OCC1=C(C(=O)O)N2C(=O)[C@H](c3ccccc3)[C@H]2SC1,0
Cc1noc(C2CCN(C(=O)c3cc([N+](C)(C)C)ccc3NC(=O)CCl)CC2)n1,0
C[C@@H]1CCCN(C(=O)NS(C)(=O)=O)[C@H]1c1ccccc1,0
Cc1cc(N(C)C)no1,0
c1ccc(-c2ccc(-c3ccc(C4CCCCC4)cc3)cc2)cc1,0
[Na+],0
Cc1cc(Oc2ccc(-c3ccccc3Cl)cc2)cc(C)c1-c1nnc(OP(=O)(O)O)s1,0
CN1CCN(C(=O)NC2CC2)CC1,0
COCCCC1CCC(C(=O)Nc2cc(Br)c(N)cc2C(=O)Nc2ccccc2)CC1,0
COc1nc([C@@H]2O[C@@H](Nc3ccc4c(c3)N(c3ccc(C)cc3)c3ccccc3S4)[C@@H](O)[C@@H]2O)no1,0
O=C(NCc1ccc(CCS[C@@H]2OC(c3ccccc3)[C@@H](O)[C@H]2O)cc1Cl)c1ccccc1O,0
Cc1ccc(-c2ccc(-c3cccc(O)c3)cc2)cc1,0
C[C@H]1O[C@@H](c2ccsc2Cl)C[C@H](O)[C@H]1CNC(=O)CCl,0
CC(C(=O)O)[C@H]1[C@@H](O)[C@H](O)[C@@H](O)CN1CCc1ccccc1,0
C[C@]12CC[C@H]3[C@@H](C=C(Cl)C4=CC(=O)CC[C@@]43C)[C@@H]1CCC2(c1ccccc1)N1CCN(c2n[nH]c(=O)[nH]2)CC1,0
CC(C)(C)c1cc(C2CCCC2)cc(NC(=O)c2ccccc2)c1O,0
CCOc1ncnc2nc[nH]c12,0
CO[C@H]1CC[C@@]2(C)C(CC[C@]3(C)[C@@H]2C(=O)C=C2[C@@H]4CC(C)(OC)CC[C@]4(C)CC[C@]23C)C1(C)C,0
CN(C)CCc1cc(Cl)cc2c1OCC(=O)N2C,0
Cc1cc(C(CCNc2ccc(O)cc2)n2c(=O)[nH]c3ccccc32)no1,0
CC(=O)NCC(O)CNCCCc1cccc(N(C)[C@@H]2CCCO2)c1,0
[Br-],0
Cc1noc(Nc2ccccc2)n1,0
COC(=O)CC1(C(=O)Oc2ccc(O)cc2)CCN(C(=O)N2CCOCC2)C[C@H]1C,0
NC(=O)N(c1ccccc1)c1ccccc1F,0
O=S(=O)(O)O,0
CC(=O)NCC(=O)OC1(C)NC(=O)NC1=O,0
c1ncc(-c2csc(NC3OCCO3)n2)cn1,0
Fc1ccc(N2CCN(c3ccccc3Cl)CC2)c(F)c1,0
COC1(NCCN2CCOCC23CCOC3)OC[C@H](N2CCOCC2)O1,0
O=C(Oc1ccccc1CF)[C@H]1CCCN(C2CCN(CCCCCCCCCCNc3ccccc3)CC2)C1,0
CCN[C@H]1C[C@@H]2CN3CCc4c([nH]c5cc(CC(N)=O)ccc45)[C@H]3C[C@@H]2[C@@H](N2c3ccccc3Sc3ccccc32)[C@H]1C(=O)OC(=O)C(C)c1ccc(Cl)cc1Cl,0
CCCC1(C(=O)Oc2ccc(OC(=O)CC#N)cc2)CCN(c2ncccn2)C1,0
CCN1CCOC(OC(=O)OC)C1,0
CC[Hg]SCCC(C(=O)OC)(c1ccccc1)c1ccccc1,0
N#Cc1ccccc1C1C([S-])OC(c2ccccc2)C(c2cnccn2)C1C(F)(F)F,0
CN1CCC(NCC2CCN(CCO)CC2)CC1,0
COC(C)C,0
CN(C)CCCC(=O)c1ccncc1,0
NCC(=O)N1CCCCCC1,0
NCn1cnc(OCCl)n1,0
COc1ccnc(CNC(=O)c2ccc(F)cc2)n1,0
O,0
CO[C@@H]1O[C@@H](OC)[C@H](N)[C@@H](O)[C@@H]1O,0
O=c1cccn[nH]1,0
O=C(O)CN1C(=O)[C@@H](NCC2=NCCN2)CCc2ccccc21,0
O=C(O)Cc1ccc2c(c1)OCO2,0
CCOc1c(Cl)nc(-c2cnn(C)c2)n1C1CCNCC1,0
CNc1cccc(-n2nnnc2-c2ccccc2)c1,0
CS(=O)(=O)c1ccc(N2CCC(c3cccc4c3CCC(=O)N4)CC2)cc1,0
CCCC(=O)O[C@@]12CO[C@@H]1C[C@H](O)[C@@]1(C)C(=O)[C@@H](Nc3ccc(F)cc3)C3=C(C)[C@@H](Nc4ccc(F)cc4)C[C@@](O)([C@H](OC(=O)[C@@H](N)c4ccc(Cl)cc4)[C@@H]12)C3(C)C,0
COCC(O)COc1cccc2c1CCC(=O)N2,0
CO[C@H](C)C(=O)OP(=O)([O-])OCCCl,0
[N-]=[N+]=N[C@H]1C[C@H](C(=O)O)O[C@H]1Nc1cn(COc2cccc3ccccc23)c2c(F)c(C3CCCCC3)c(F)cc2c1=O,0
CNCCN1c2ccccc2CCc2ccccc21,0
CCCNc1cc2[nH]nnc2cc1-c1ccc(N2C[C@H](O)C[C@@H]2CN)cc1,0
CC(=O)c1nn(-c2ccccc2)c(Nc2ncc(Cl)cn2)c1C,0
CC(=O)N1Cc2ccccc2C[C@@H]1Nc1ccc2c(c1)OCO2,0
c1ccc(-c2cccs2)cc1,0
O=C(NC1CCN(C(=O)c2ccc(O)cc2)CC1)C1CCCN1,0
COC(C)(C)N1CCCCC1,0
Nc1ccc(C(F)(F)F)cc1,0
COc1cc(C#N)c(=O)[nH]c1C,0
C[C@H]1C[C@H](NCCN2CCC(Oc3ccccc3)CC2)c2cc(S(N)(=O)=O)sc2S1(=O)=O,0
Cc1oncc1-c1ccc([C@H]2CN[C@H](COc3ccncc3S(=O)(=O)N[C@H]3c4ccccc4C[C@H]3O)C2)cc1,0
CC=Cc1cc(C)n(CN)c1C,0
CS(=O)c1ccc(NC(=O)c2ccccc2)c(CN2CCCCC2)c1,0
Cl,0
CC[N+](C)(C)C,0
CCOC,0
CO[C@@H](c1ccccc1)[C@H](C)Cl,0
C[C@]12CC[C@H]3[C@@H](CC=C4C[C@@H](CCOC(=O)c5ccccc5)CC[C@@]43C)[C@@H]1CCC2=O,0
Cl,0
COC(=O)OC,0
Cc1ccc(S(=O)(=O)Nc2ccccc2)cc1,0
O=C1CCCC1CCNc1nc(Cl)c(C2CC3C=CC2C3)n1-c1cccc(F)c1,0
Cc1ccc(S(=O)(=O)N2CCC[C@@H](N)C2)cc1,0
Cc1nnc(C(=O)NC2C(C)OC(c3nn(C)c4ccccc34)C(O)C2N2CCN(Cc3ccc4ccccc4c3)CC2)s1,0
Cc1cc(=O)c2c(C(=O)OC(=O)c3ccc(O)c(O)c3)c3ccoc3c(C(=O)N3CC[C@]45c6c7ccc(O)c6O[C@H]4C(=O)CC[C@@]5(O)[C@H]3C7)c2o1,0
CO[C@@H]1O[C@@H](O[C@@H](CCC(=O)O)C(=O)O)[C@@H](O)[C@@H]1O,0
CC(=O)OC(=O)[C@H]1/C=C/O[C@@]2(C)Oc3c(C)c(O)c4c(O)c(c(/C=N/N5CCN(C)CC5)c(O)c4c3C2=O)NC(=O)/C(C)=C\C=C\[C@H](C)[C@H](O)[C@@H](C)[C@@H](O)[C@@H](C)[C@@H](c2cccc(N)c2C)[C@@H]1C,0
O=C(CO)Nc1ccc(-c2ccccc2NCC(=O)Oc2ccc(-c3cccnc3)cc2)c(O)c1,0
CCN(C)c1ccc(Nc2nnc(-c3ccccc3)s2)cc1,0
c1ccc(NCCOc2ncnc3nc[nH]c23)cc1,0
Nc1ccc(S(=O)(=O)N2CCCC2Nc2cccnc2-c2ccc(Cl)cc2)cc1,0
COCCOCCC=CCN1CCN(c2nc3ccccc3n2CC(C)C)CC1,0
c1ccc(-c2ccc(Nc3ccco3)cc2)cc1,0
NC(=O)c1cccc(-n2cnc3c(N)nc4ccccc4c32)c1N,0
CC(=O)OCC(O)CO,0
CN[C@@H](Cc1nccs1)C[C@H](O)[C@@H](Cc1ccccc1N1CCC[C@@H](N)C1)N(C)C,0
CCNC1(OC2CCN(CCc3cnc4nc(N)[nH]c(=O)c4n3)CC2)CCCO1,0
COc1cc(I)c(Nc2ccc(C(=O)Nc3c(N)nc(N)nc3CC3CCN(c4nc(N)c5cc(C(C)C)c(N6CCc7ccccc7C6)cc5n4)CC3c3ccccn3)cc2)c(I)c1,0
CCCCO[C@H](C)COC(C)C,0
Cc1ccc(N(CC(O)c2nccc3cc([C@@H]4C(=O)N5C(C(=O)[O-])=C(C[n+]6ccc(-c7ccccc7Br)cc6)CS[C@H]45)c([C@]4(O)[C@H](C)C[C@H]5[C@@H]6CCC7=CC(=O)C=C[C@]7(C)[C@@]6(F)[C@@H](O)C[C@@]54C)cc23)C23CC2CCN3CCO)cc1,0
CC(=O)[C@@H]1C(O)O[C@H](Oc2cccc(F)c2)[C@@H](O)[C@@H]1O,0
Cl,0
COC(=O)CC(F)(F)F,0
COCCN(C(C)=O)c1ccc2c(c1)[C@]1(C)CCN(C)[C@@H]1N2C,0
O=C(O[C@H]1CCC[C@@H]1O[C@H]1C[C@H](O)[C@H](c2cccc(F)c2)O1)c1ccc(F)cc1,0
COCCN(CCCl)[C@H]1C[C@@H](N(C)C(N)=O)[C@@H](O)[C@H](C)O1,0
CC(C(=O)O)C1CCN(c2ccccc2F)CC1,0
Br,0
COC(=O)COc1ccc(Cl)cc1,0
CC(O)CNCCCC(C)(C)C(=O)O,0
CO[C@H]1O[C@@H]2OC(C)(C)O[C@@H]2[C@@H]1c1c(C=C(c2ccccc2)c2ccc(-c3ccccc3F)cc2)c(N2CCNC2=O)nc2ccccc12,0
Clc1ccc(-c2ccncc2)c(Cl)c1,0
CN1CCN(C(=O)N(C)C)CC1,0
CCOc1ccc(C2CCNC2)n1C,0
O=C(CO)OC1O[C@@H](C(=O)Nc2ccccc2)[C@H](O)[C@@H]1O,0
O=[N+]([O-])c1cccc(C2CCCCC2)c1,0
CCCOC(=O)c1ccc2[nH]cc(-c3ccc(Cl)cc3Cl)c2c1,0
Cc1ccc2c(c1)N1C(=O)C(NCC3CCCCN3C)C(=O)N1C(N(C)C)=N2,0
CC(C)Oc1ccc(Cl)cc1Cl,0
C[C@H](O)C(=O)NCc1ccccc1,0
C[C@H](C(=O)NC1CC2C=CC1C2)N1CCCCCC1,0
C[C@@H]1C[C@H]2[C@@H]3C[C@H](F)C4=CC(=O)C=C[C@]4(C)[C@@]3(Cl)[C@@H](O)C[C@]2(C)[C@H]1Oc1cccc([C@@H]2O[C@H](C(=O)O)[C@@H](O)[C@H](N)[C@H]2O)c1,0
Cl,0
C[C@@H]1C[C@H]2[C@@H]3C[C@H](F)C4=CC(=O)C=C[C@]4(C)[C@@]3(F)[C@@H](O)C[C@]2(C)[C@]1(O)O[C@H]1CC[C@H]2[C@@H]3C(=O)C[C@@H]4CC(=O)CC[C@]4(C)[C@H]3CC(=O)[C@]12C,0
CC(C)c1cc(-c2ccccc2)cc(CC(=O)N(C)C)c1N(C)c1cc2c(s1)CCCC2,0
Oc1ccccc1-c1cnc(-c2ccccc2Cl)s1,0
CCNC(=O)C1=C(OC(=O)[C@H]2C(=O)N3C(C(=O)O)=C(COC(=O)CCl)CS[C@H]23)c2ccccc2S(=O)(=O)N1C,0
CN(C)C(=O)N1c2ccccc2Sc2ccc(Cl)cc21,0
COCCNCCC(c1cccc2ccccc12)[C@@]12OC(Oc3ccccc3)O[C@@H]1C[C@H]1[C@@H]3CCC4=CC(=O)C=C[C@]4(C)[C@H]3[C@@H](O)C[C@@]12C,0
COC1CSCN1,0
O=C(Nc1c(O)cc(O)cc1O)c1ccccc1,0
CC1CN(c2ccc(-c3ccccc3)cc2)CCN1,0
Cc1ccccc1[C@@H]1[C@@H](C)C=CC2=C[C@H](C)C[C@H](CNc3nn(C4CC=CC4)c4cc5c(cc4c3=O)OCO5)[C@@H]21,0
Cl,0
Fc1ccc(COCCc2ccc(C(F)(F)F)cc2)cc1F,0
COCn1cccc1,0
CC(C)c1ccc(F)cc1,0
Cc1cc(C(=O)NC2CCCCC2)ccc1-n1nnnc1-c1ccc(-c2ccccc2)cc1,0
COC(=O)Nc1cccc(F)c1,0
CN1CC[C@@]2(C)c3cc(Oc4ccccc4)ccc3N(C)[C@@H]12,0
COC(=O)NC1([C@H]2CCN(c3cc(C#N)cc(Oc4nn([C@H]5/C=C/O[C@@]6(C)Oc7c(C)c(O)c8c(O)c(c(/C=N/N9CCN(C)CC9)c(O)c8c7C6=O)NC(=O)/C(C)=C\C=C\[C@H](C)[C@H](O)[C@@H](C)[C@@H](O)[C@@H](C)[C@@H](N(C)C6([C@H]7OC(=O)C(O)=C7O)CCOCC6)[C@@H]5C)c5cc6c(cc5c4=O)OCO6)c3Cl)[C@H]2C)NC(=O)N(C)C1=O,0
Clc1ccc(NCc2ccccc2)cc1,0
O=C(Nc1ccc(-c2ccc(-c3ccccn3)cc2)cc1)NC1CC1,0
CNNCc1ccc(CCCC(=O)OC)nn1,0
CC(=O)Oc1ccccc1,0
COC(=O)[C@@H](CCc1ccc([N+]2(c3ccc(-c4ccccc4)cc3)CCOCC2)cc1)Oc1ccccc1Nc1cc2ccccc2o1,0
Cc1onc(N2CCN(c3ccccc3)CC2)c1-c1ccc2c(c1)C(=O)N(C(=O)CCCCCCC(=O)NO)C(=O)C2(C)C,0
OCc1ccccc1,0
COCCCCC1CS/C(=C(/C#N)n2ccnc2)S1,0
CC(C)CC(=O)Nc1ccc(O)c(O)c1,0
CN(C)c1ccc2[nH]ccc2c1,0
c1n[nH]cc1CC1=NCCN1,0
O=C(O)C1C(=O)N(CO)N(CO)C1=O,0
O,0
CC(c1csc(N)n1)N(O)C(N)=O,0
CCCc1ccc(C(=O)NC(=O)N2CCC(c3cc(-c4ccccc4)cc(Nc4ccc(N(C)C(C)=O)cc4)c3O)CC2)cc1,0
O=C(O)Cc1ccccc1Oc1ccccc1,0
Cc1c(CN2CCC3CC32NCC(=O)c2cccnc2Oc2nc3ccc(-c4ncnc5c4ncn5C4CCN(C)CC4)cc3[nH]2)ccnc1-c1ccccc1,0
CC(=CCCN1CCCCC1)C(=O)N1CCC(C)CC1,0
CCNc1ccc2nc(C(=O)[O-])[nH]c2c1,0
CNc1ccc(C)cc1,0
COc1cc(C)c(Cc2ccccc2)nn1,0
Cc1cc([C@H]2C(=O)N3[C@@H]2SC(C)(C)[C@@H]3Nc2c(COCn3cnc4c(COC(=O)[C@]5(C)C[C@H](C(=O)N6CCCN(C(=O)c7ncncc7F)CC6)O[C@@H](C)[C@@H]5O)nc(N)nc43)cc(C(=O)O)cc2S(N)(=O)=O)c(C)c(C)c1C=CCOCc1ccccc1N1CCNCC1,0
CC(=Cc1c(C)cc(C2CCCC2)c(C)c1C)C=C(C(=O)N1CCCC1(C)NC1CCC(C#N)(CO)CC1)c1csc(N)n1,0
CC(=O)NCc1cn(-c2ccccc2)c2c(F)c(C3(c4ccco4)CCOCC3)c(F)cc2c1=O,0
c1ccc(CNc2ccc3ccccc3n2)cc1,0
Cc1cc(OC(=O)CCCCC(=O)NC(N)=O)ccc1-c1ccccc1,0
CC(C)NCc1ccc2nc3cc(N)ccc3c(N)c2c1,0
CC[C@@]1(O)C(=O)OCc2c1cc1n(c2=O)Cc2c-1nc1ccc(CCc3ccc(-c4ccccc4)o3)cc1c2[C@@H]1CC[C@H](C)NC1,0
CCNc1ccc(C(=O)O)cc1,0
CCOCC,0
C=C[C@H]1CN2CC[C@H]1C[C@H]2c1cc(C)ccc1C,0
COC(C(=O)N[C@@H]1COC[C@H]1[C@@H]1C[C@H](C)CCN1C(=O)[C@@]1(O)CC[C@H]2[C@@H]3CCC4=CC(=O)CCC4=C3C=C[C@@]21C)C(C)C,0
Cc1cc(N2CCN(C(=O)c3ccc(C[C@@H](O[C@@H]4C[C@@H](C)O[C@@H](c5ccccc5N[C@H]5[C@@H](N)C[C@@H](N)[C@H](c6ncccn6)[C@H]5O)[C@@H]4O)[C@H](O)COc4c(Cl)cccc4Cl)cc3)C[C@@H]2Nc2ccc(OC(=O)C(O)(c3ccc(C(C)(C)C(=O)c4ccc(C(C)(C)C)cc4)cc3)c3ccccn3)cc2)n(O)c(=O)c1,0
CCc1cccnc1,0
Cn1nnc(NC2=NCCN2)n1,0
Cc1ccccc1-c1ccc(-c2ccc(Cl)cc2)cc1,0
O=C(CCl)Nc1c(O)c2ccccc2oc1=O,0
C=C1c2c(Cl)ccc(O)c2C(O)=C2C(=O)[C@]3(O)C(O)=C(C(N)=O)C(=O)[C@@H](CNc4nnc(N)nc4N)[C@@H]3[C@@H](O)[C@H]12,0
Cc1nc(-c2ccc(Cl)cc2)cs1,0
C[C@@H]1CCCN(c2c(O)c3ccccc3oc2=O)[C@H]1O[C@H]1OC[C@](C)(O)[C@@H](C(N)=O)[C@H]1O,0
CCCCCCCCOC(=O)/C(=N\OCc1ccc(C)cc1C)c1csc(N)n1,0
Cc1noc(-c2nnc(NC(C)CCC=CC(=O)Nc3cccc(-c4ccc(-c5ccc(N)cc5)cc4)c3)c3ccccc23)n1,0
CN(C)[C@H]1CC[C@@]2(C)C(CC[C@]3(C)[C@@H]2C(=O)C=C2[C@@H]4CC(C)(NCc5ccccc5)CC[C@]4(C)CC[C@]23C)C1(C)C,0
CC(=O)N(C)C1(C)CCCCN1,0
CCSc1nsc(N2c3ccccc3CCc3ccc(Cl)cc32)n1,0
Clc1ccc(Oc2ccc(Cl)cc2)cc1,0
CCC(=O)N1C[C@H](O)C[C@H]1O[C@@H]1[C@@H](O)[C@@H](N[C@H](CCNC=O)c2ccccc2)[C@@H](N)C[C@H]1N,0
Fc1ccc(-c2ccccc2)cc1,0
CCC(=O)OC(=O)C(c1ccncc1)N1CCNCC1,0
COC(=O)[C@H](c1ccccc1)S(=O)(=O)[O-],0
CCN(C)C(C)=O,0
CCOC(C)=O,0
CS(=O)(=O)c1ccc(-c2cn(CC[C@@H](O)C[C@@H](O)CC(=O)O)c3cc(C(=O)O)c(F)cc3c2=O)c(F)c1,0
CN[C@H]1/C(C)=C/C[C@@H]2C[C@@H](C[C@]3(CC[C@H](C)[C@@H](Nc4ccc(Cl)cc4)O3)O2)OC(=O)[C@@H]2C=C(C)[C@@H](O)[C@H]3OC/C(=C\C=C\[C@@H]1C)[C@@]23O,0
COc1cn([C@H]2[C@H](C3CCSC3=O)O[C@H](n3c([N+](=O)[O-])cnc3C)[C@H](O)[C@H]2O)c2nc(C)ccc2c1=O,0
COCCCN(c1ccc(Cl)cc1)C1CC1,0
CC1(C)C(C=C(c2ccc(Br)cc2)c2cccnc2)C1N1C[C@H](O)C[C@@H]1c1ccccc1,0
COC1(NCC[C@H]2O[C@@H]3[C@@H](Oc4nc(=N)ccn43)[C@@H]2O)CCc2cc(F)ccc2[C@@H]1C(C)C,0
Cc1nc(C(=O)c2ccc(-n3c(C(=O)O)cc(=O)n(C)c3=O)cc2)sc1Nc1nc2ccccc2n1CC(=O)N1CCOCC1,0
CN(C)CCNCCN1CCOCC1,0
C[C@@H]1[C@@H](C(F)(F)F)CCCN1c1ccc(F)cc1,0
Cc1cccc(-c2cc(Br)c(N)cc2CC(=O)N(C)C(=O)CC2CCCN(c3ccccc3CN)C2)c1NCC[C@@H]1C[C@@H](C)O[C@@H](OC2(C3CCN(C(=O)C(C)C4CCCC4)CC3)CCCO2)[C@@H]1O,0
CCOc1ccc(O)c2[nH]c(=O)ccc12,0
Cc1cccc(C)c1-c1ccccc1,0
c1ccc(NC2CC2)cc1,0
CN(C)CCOCc1nc(-c2ccccc2)nc(-c2ccc(I)cc2)n1,0
CNS(=O)(=O)c1ccc(N)cc1,0
O,0
CNCCNC(=O)CCl,0
Nc1c(Br)cc(Br)cc1Nc1ccccc1,0
CN[C@@H](CCC(=O)O)C(=O)O,0
COCc1cc(C)n[nH]1,0
CNS(=O)(=O)c1ccc(C(=O)NC(=O)c2cccs2)cc1,0
N[C@H](Cc1ccccc1)C(=O)O,0
COCc1cccc(OC2CNCCO2)c1,0
CC1(Oc2ccccc2)CCCN1,0
COC(C)(C)NCCNS(C)(=O)=O,0
Cc1csc(-c2ccc(F)cc2)n1,0
CC(=O)Nc1nc2ccccc2[nH]1,0
c1ccc(Oc2ncccn2)cc1,0
Fc1ccc2c(c1)CC[C@H](Oc1ccccc1)O2,0
CCC1=C(C)CN(c2c(CC)cc(OC(=O)c3ccc(OC)cc3)cc2C[C@H](C(=O)N[C@H]2C[C@@H](C)C=C3C=C[C@H](C)[C@@H](OC)[C@H]32)N(C)C)C1=O,0
CC(C)N(C)C,0
C[C@@H]1O[C@@H](CN2CCCCC2)C[C@@](C)(O)[C@H]1O,0
CN[C@H]1[C@@H](C)[C@@H](c2ccc(Cl)cc2)[C@@H](C)C(=O)O[C@H](CC(=O)N2CCCC2)[C@@](C)(O)[C@H](O)[C@@H](C)C(=O)[C@H](C)C[C@@]1(C)O,0
CC(NC(c1cccc(Cl)c1)C1CC1)c1cccs1,0
O=C(CCl)NC(=O)c1nccs1,0
Cc1ccccc1-c1nc(-n2cnc3c(N)ncnc32)ncc1-c1ccc(F)cc1,0
COc1ccc(CCC(=O)NCCN[C@@H]2O[C@@H](c3cccc4[nH]c5ccccc5c34)[C@H](O)[C@@H](O)[C@@H]2O)cc1,0
CCCCc1cc(C(=O)OC(=O)C(C#N)=CCNC(C)=O)c(Cl)cc1Cl,0
Cc1nc(C)c(CO)s1,0
CCCC1(c2ccccc2)C(=O)N2C(C(=O)O)=C(COC)CS[C@@H]21,0
CN1C[C@@H](c2ccc(Cl)cc2)C[C@H]1Oc1ccc(Cl)cc1Cl,0
CC(=O)NCC1=C(C(=O)O)N2C(=O)[C@H](Nc3cc(Cl)ccc3Cl)[C@H]2SC1,0
O=C(C1CCCCCC1)C(Oc1ccccc1)n1nc2ccccn2c1=O,0
Cl,0
CC(=O)c1ccc(N(CCNc2ccccc2-c2cnoc2C)c2ccc(Cl)cc2Cl)cc1,0
C[C@H]1CCCN(CC(=O)c2ccc(Oc3c(F)cccc3F)cc2)[C@H]1c1ccccc1,0
COCc1cc(OC)ccc1[C@]1(C)C[C@H](C2CCN(c3nnc(C)s3)C2=O)O[C@@H](C)[C@@H]1O,0
COc1cccc(Cl)c1C,0
CNCCNCCCCCN1CCCC(O)c2cc(Cl)ccc21,0
Cn1ncc(Cl)c1OCC(=O)O,0
CO[C@H](C)C(=O)NC(C)C,0
CC(C)CC1CCCO1,0
CC(=O)Nc1ccc(Cl)cc1,0
CC(CCCN)NCc1ccccc1,0
C[C@]12CC[C@@H]3[C@H]4CCCC=C4CC[C@H]3[C@@H]1CC[C@]2(O)OCCCC(O)c1c(F)cc2c(=O)c(O/N=C(\C(=O)N3CCCCCC3)c3csc(N)n3)cn([C@@H]3C(=O)N(c4cc(I)c(CNc5ccccc5N(CCc5ccc(C(N)=O)cc5)Cc5ccccc5)c(I)c4)[C@H]3c3ccc(F)cc3)c2c1F,0
CO[C@H]1[C@@H](N)C[C@H](c2ccc(Cl)cc2)[C@H](NC(=O)c2ccccc2C#N)[C@H]1O,0
Oc1ccc(Br)cc1O[C@@H]1COCC[C@H]1c1ccc(Cl)cc1,0
O=C(O)c1cscn1,0
CO/N=C(\C(=O)N1C(=O)C(OC)C(=O)N1c1ccc(O)cc1)c1csc(N)n1,0
COc1cc(N[C@H]2CCc3nc(N)sc3C2)ccc1[N+](=O)[O-],0
CC1(C(=O)Nc2ccccc2)CC(=O)NC(=O)C1,0
CC1(C)S[C@@H]2[C@@H](Oc3ccc(C#N)cc3)C(=O)N2[C@H]1c1ccc(NCCCN)cc1,0
CCO[C@H]1CCCN1C(=O)c1ccccc1Cl,0
CC(=O)Sc1ccc2ncnc(Nc3ccc(-c4ccccc4)c(O)c3)c2c1,0
COCc1ccc(N2[C@H]3CC[C@@H]2Cc2ncccc23)cc1,0
COC(=O)Cc1ccc(N2C[C@@H]3CCCN[C@@H]3C2)cc1,0
O=C1CN2[C@@H]3CC1C[C@H]2CC(c1ccc(F)cc1)C3,0
O=C(Oc1ccc(-c2ccccc2)c2c(=O)c3ccccc3sc12)c1ccccc1,0
Fc1ccc(-c2ccccc2-c2ccc(-c3ccc(Cl)cc3Cl)nc2)cc1,0
COC(=O)C(C)C,0
CCc1ccc(OC(=O)COC)cc1,0
COC(=O)C1=C(CN(C)C)NC(C)=C(C(=O)OC(C)=O)C1c1cccc(CNc2nnc[nH]2)c1,0
NS(=O)(=O)Cc1ccc2c(c1)C(=CC(=O)O)c1ccccc1S2,0
CC(C)CCNCC(O)CN1CCN(C2(C(=O)N3CCC(n4cnc5c(-c6ccc(-c7ccc8[nH]c(CNc9ccccc9)cc8c7)cc6)nc(N)nc54)CC3)CCCNC2)CC1,0
COC1=CC(=O)C[C@@H](C)[C@]12Oc1c(Cl)c(-c3c(Cl)cccc3Cl)cc(-c3ccc(Oc4nc(COc5ccc(C)cc5)cs4)cc3)c1C2=O,0
NCC1=CC[C@@H](N)[C@@H](c2ccc(Oc3cc(-c4ccc(OC5CCCC5=O)cc4CO)cc(C4CN(/N=C/c5ccc([N+](=O)[O-])o5)C(=O)O4)c3)cc2)O1,0
CN1[C@H]2CC(c3c(I)cc(I)c(N)c3I)C[C@@H]1[C@H]1O[C@@H]21,0
C[N+](C)(C)Cc1ccccc1,0
CN(C)c1ccc(Cl)cc1,0
CC1=C(C(=O)N2CCC[C@H](N3CCOC(N4[C@H]5CCC[C@H]5C[C@@H]4N4CCN(S(=O)(=O)c5ccc(N)cc5)CC4)C3)[C@H]2C)C(Cc2ccccc2)C(C(=O)N(C)C)=C(C#N)N1,0
CC(=O)N(c1cc(=O)c2ccccc2o1)[C@@H]1CCCO1,0
Cl,0
CN[C@@H]1C[C@H]1N,0
COCC1=C(C(=O)O)N2C(=O)[C@H](c3nnc4ccccn34)[C@H]2SC1,0
CS(=O)(=O)NC1CN2CCC1CC2,0
COC(c1csc(N=C(N)N)n1)c1cc2c(cc1F)c(=O)c(C(C)C)cn2C(F)(F)F,0
CC1CCN(CC#CBr)C2CCCCC12,0
O=C(O)[C@H]1CN(C(=O)CCl)C[C@H]1C(=O)N1CCCCC1,0
CN[C@H]1O[C@]2(CC[C@@H]1C)C[C@@H]1C[C@@H](C/C=C(\C)[C@H](C(=O)N3CCOCC3)[C@@H](C)/C=C/C=C3\CO[C@@H]4[C@H](O)C(C)=C[C@@H](C(=O)O1)[C@]34O)O2,0
C#C[C@]1(O)CC[C@H]2[C@@H]3CCC4=C(CCC(=O)C4)[C@H]3CC[C@@]21C,0
c1ccc(Nc2ccccc2)cc1,0
NS(=O)(=O)NCCN1CCOC(c2cccnc2)C1,0
COC(=O)CC1(O)CCCCC1,0
CN1CCN([C@@H]2O[C@@H](c3ccc(NC4CCN(C)C4=O)cc3)[C@@H](n3ccnc3)[C@@H](O)[C@H]2c2ccccc2)CC1,0
CS(=O)(=O)O,0
C[C@H]1C=CC2=CCC[C@H](Nc3ccc4nc(-c5ccc(Cl)cc5)[nH]c4c3)[C@@H]2[C@@H]1NCCCC(=O)C1CCN(CC(O)c2ccccc2)CC1,0
CCCC(CCC)C(=O)NC1C(O)C(Oc2c(Cl)nc(C)nc2C(O)(C(=O)OC)c2ccccc2)OC(C)C1Cc1cccnc1,0
N#Cc1ccc(C(=O)N2CCC(Nc3ccccc3)CC2)cc1,0
Cn1cc(N[C@H]2[C@@H](N)C[C@@H](N)[C@H](Oc3ccccc3Cl)[C@H]2O)c(C(N)=O)n1,0
Cc1cc(-c2c(C(=O)N/N=C/c3ccc([N+](=O)[O-])o3)oc3ccccc23)no1,0
CCC(=O)Oc1ccccc1-n1cc(F)c(NC2CC(=O)N(C(=O)CCl)C2)nc1=O,0
CC(=O)[N+]1(C)CCCC(CC(=O)O)C1,0
Nc1c(S(=O)(=O)[O-])cc(S(=O)(=O)[O-])c2ccc(N=Nc3ccc(-c4ccncc4)cc3C3(N4CCN(CCC5CC5)CC4)CCNC3)c(O)c12,0
Cn1nnnc1CNCC[N+](C)(C)C,0
CC1(C)O[C@H]2O[C@H](c3ccc(-c4ccc(C(N)=O)cc4)cc3)[C@@H](C(O)COCC(O)CO)[C@H]2O1,0
Oc1cc(O)cc(Oc2cnc(O)nc2O)c1,0
Cc1c(-n2cnc(OC(=O)c3ccccc3C=Cc3ccc4cc(-c5cc[nH]n5)ccc4[n+]3C)c2O)ccnc1C(=O)[O-],0
Cc1ncsc1OCCCN(C)CC(CN(C)C)NC(=NC(C)C(C)(C)C)NC#N,0
[Na+],0
O=C(OCCCN1CCN(c2ccccc2O)CC1)c1ccccc1,0
Clc1ccc(-c2ccccc2-n2ccnc2)c(Cl)c1,0
Cc1cccc(C(C)N2C[C@H](COc3ccccc3)C[C@@H]2C)c1,0
CN1CC[C@@]23C=C[C@H](O)C[C@@H]2Oc2c(C(=O)N4C(=O)NC(=O)C4C(=O)Nc4ccccc4)ccc(c23)C1,0
FC(F)Oc1ccccn1,0
CC(C)(C)CC(C)(C)c1ccc(CNc2cc(C(=O)O)cc(S(N)(=O)=O)c2-c2c(Cc3oc4ccccc4c3C(N)=O)ccc(C(=O)NNC(=O)CCl)c2NS(C)(=O)=O)cc1,0
COCC1(N2CCCC(C(=O)[N+](C)(C)C)C2=O)CCCNC1,0
CCO[C@H](CC(C)C)C(=O)OC,0
COCc1ccncc1,0
CC(=O)CC(c1noc(C(O)(CCNC(=O)c2ccc3c(c2)N(c2ccc(Cl)cc2)c2ccccc2S3)c2cccc3ccccc23)n1)c1c(Cl)ccc(C)c1Cl,0
Cc1occc1N(C)c1cccc(C(=O)OCC(=O)c2cc(Cl)cc(Cl)c2O)c1,0
CCNc1ccccc1,0
Cc1cc(C)nc(-c2cc(O)cc(O)c2)n1,0
COc1c(F)cc2c(=O)c(C[C@@H](N)C(=O)O)cn3c2c1CCC3C,0
CN[C@H]1C[C@@H]2CCCC[C@@H]2CN1C1CCN(C(=O)CCl)CC1,0
O=C(O)C=CCN1CCOCC1,0
CC(C)N(C(=O)CCl)C1CN(CC(=O)N/C(N)=N/C(N)=NCCCCCCN=C(N)/N=C(\N)NCCCS(=O)(=O)[O-])CCO1,0
CCC(C)C(C(=O)NCCCCNc1ccc(C(N)=O)cc1)c1ccccc1,0
Cl,0
Nc1nc(COc2ccccc2)nc2cc(C(=O)O)c(-c3cccs3)cc12,0
Cl,0
CNCCNc1ccccc1,0
CC(=O)SCCC(O)(c1ccccc1-c1ccc(Cl)cc1)n1cnc(N)nc1=O,0
CNC(=O)N(C)C,0
COc1ncccc1Nc1ccc(-n2cncc2C(CCCCCC(=O)O)C2=C(C)C(=O)C(C)=C(C)C2=O)cc1,0
COc1ncc(C)s1,0
Cc1c(Cl)cccc1C(=O)N1CC(OC[C@@H]2C(=O)N3C(C(=O)[O-])=C(C[n+]4ccccc4)CS[C@H]23)C1,0
Cl,0
C#CCN(C)[C@H](C)[C@H]1[C@@H](C)CCCN1C(C)=O,0
CC(C)c1cc(O)cc(O)c1,0
CC(CNC(=O)c1nn[nH]n1)O[N+](=O)[O-],0
COCCNC1CCN(S(=O)(=O)c2ccccc2C)CC1,0
COc1c(F)cc2c(=O)c(NCCOCCNc3ccc(Cl)cc3)cn3c2c1SCC3,0
c1ccc(Nc2c[nH]c3ccccc23)cc1,0
Cc1nc2n(c(=O)c1OCOC(C)(C)C)CCCC2O,0
CC(=O)N(C)c1ccc(-c2cncs2)cc1,0
Cc1ccc(Nc2ccccc2C)c(C[C@H](C(=O)NC2=NCCN2)N2CCNCC2)c1,0
O=C(c1ccc(F)cc1)C(Nc1c(O)c2ccccc2oc1=O)c1cccnc1,0
COC(=O)[C@@H](N)c1ccccc1,0
CC(C[N+](C)(C)C)N1CCNCC1,0
COc1cc(C#N)cc(NC(c2sccc2C)c2c(I)cc(-c3cc(C)on3)cc2I)c1Cl,0
CC(=O)NC(=O)c1ccc(C(=O)N2CCOCC2)cc1,0
Cc1ccc([C@H]2O[C@@H](C3CCN(C(=S)NCCO)CC3)[C@H](c3ccccc3)[C@H](O)[C@H]2O)c(O)c1,0
C#Cc1cccc(CC(=O)O)c1,0
COc1nnc(NC(C)=O)s1,0
CN(C)S(=O)(=O)c1ccc(Cl)cc1,0
Clc1ccc(Nc2cccc(Cl)c2)cc1,0
COC1CCN(CCC=Cc2ccc(C3(c4cc(C(C#N)(CCCOc5ccc([N-]c6c(C)nn(C)c6C)cc5)C(C)C)ccc4O)CCCO3)cc2)CC1,0
CN1CCC(=CCCNCc2ccncc2)CC1,0
CNC(=O)c1ccc(F)cc1,0
Cc1cc(C(C)N)nnc1NCc1cn(C)c2ccc(-c3ccc(C#N)cc3)cc12,0
C[C@H]1O[C@@H](NC(=O)Cn2cnc3c(=O)[nH]c(N)nc32)[C@H](O)[C@H](N2CCNCC2)[C@H]1N(C)C,0
Cl,0
CC(=O)Nc1ccc2c(c1)c(-c1ccccc1Cl)c(C)n2C(=O)[C@@H]1CCC(=O)N1,0
COCCNC1(OCCOC)CCCCC1,0
CN1C(=O)CCS(=O)(=O)C1CNC(=O)n1cc(F)c(=O)[nH]c1=O,0
CC(C)[C@H](N)C(=O)N1CCN(C(=O)c2ccccc2F)CC1,0
NCC1=CC[C@@H](N)[C@@H](OC(=O)CN2CCOCC2)O1,0
CCOc1ccc(-c2ccc(-c3ccc(O)cc3)nn2)s1,0
O=C(C1CCOC1)C1CNCCO1,0
CC(=O)Nc1ccc(O)c(O)c1,0
CC(CN(C)C)Cn1ccc(N)nc1=O,0
CN1CCN(CCOC(=O)C2CC2)CC1,0
Cc1[nH]cnc1-c1cc(O)c2c(=O)cc(OP(=O)(O)O)oc2c1,0
C[C@]12CC[C@H]3[C@@H](C=CC4=CC(=O)CC[C@@]43C)[C@@H]1CC[C@]2(O)Cc1cccc(C(=O)O)c1,0
Cc1ccc(CC(C)Nc2ccc(-c3ccc(Cl)cc3)c(N)c2)c(O)c1,0
C[C@H]1CC[C@H](OC2CCS(=O)(=O)C2)O[C@@H]1n1cc(CN2CCC[C@@H]2NCCCCCCCCCCNCC2CCOC2)cn1,0
CC(C)(C)OCC1CCN(C(=O)C(O)(c2ccccc2)c2ccccc2C2(N)CC2)CC1,0
CCOC(=O)c1ccccc1,0
CCCCNc1cccc(OCC2CC2)c1N,0
COCC[C@@H]1C(=O)N(S(=O)(=O)O)[C@H]1C,0
CC1C(=Cc2ccc3cc([C@H]4CC[C@H]5[C@@H]6CC[C@@H]7C[C@H](O)CC[C@]7(C)[C@H]6CC[C@]45C)ccc3[n+]2C)CC[N+]1(c1cccc(N(C)C)n1)C1CCCC1,0
CS(=O)(=O)O,0
C=CCOC,0
COC([C@H]1C(=O)N2[C@@H](C3CC3)C(C)(C)S[C@H]12)n1cnnn1,0
CS(=O)(=O)NCCC=CCCOC(=O)c1ccc(Cl)cc1,0
COCC(O)CO,0
O=C1N=C([O-])CN1/N=C/c1ccc(Nc2cc(CO)c(NC34CCCN3CCC4)c(Cc3ccc4ncccc4c3)c2)o1,0
Cc1cccc(C)c1-c1ccccc1,0
CC1(N)CN(CCN2CCC=C(F)C2)CN(CC(=O)N2CCC3CC32C(=O)O)C1,0
NCc1cc(Cl)ccc1-c1ccccc1,0
CCN(C)c1ccccc1,0
O=C(NC(=O)c1ccccc1-n1nc(-c2cccc([C@@H]3O[C@@H](Nc4cc(Br)ccc4O)[C@@H](O)[C@H]3O)c2)c2ccccc21)c1ccco1,0
CC(C=CC(=O)O)=CC(C)=C1CCC[C@@]2(C)[C@H]1CC[C@H]2OCc1nn(C)c2ccccc12,0
COC(=O)c1noc2cc(F)ccc12,0
CCOC,0
CNC(=O)[C@@H]1N2C(=O)[C@H](OC(=O)C(C)(N)Cc3ccc(F)cc3)[C@H]2SC1(C)C,0
CCN1CCN(c2ccccc2N(C=O)C(C)=C[C@@H]2CC[C@@H](O)[C@@H](C[C@@H](C[C@H](N)[C@@H](O)C[C@H](C(=O)Nc3cnn(C)c3)C(C)C)C(C)C)C2)CC1,0
CCn1cnc2c(=O)[nH]cnc21,0
c1ccc(Nc2ccccc2C2CCCCC2)cc1,0
Cc1cc(-n2cnc3c(C(=O)O)nc(N)nc32)c(C)c(C)c1C=C1c2ccccc2C=Cc2ccccc21,0
C[C@H]1O[C@@H](c2cc(Cl)ccc2O)C[C@H](O)[C@H]1N(C)C,0
CN(c1c([N+](=O)[O-])ncn1C)S(=O)(=O)c1ccc(C(=O)OCCN[C@H](CS)C(=O)NC2=NCCN2)cc1,0
Cc1cncc(-c2ccc(CO[C@]34OC(C)(C)O[C@@H]3C[C@H]3[C@@H]5C[C@H](F)C6=CC(=O)C=C[C@]6(C)[C@@]5(F)[C@@H](O)C[C@@]34C)cc2)c1,0
CC(C)[C@H](N)C(=O)N[C@H]1CCCN(c2ccccn2)[C@@H]1C,0
COCCOC1CCCCN1C,0
CNC(=O)C1=C(C)NC(C)=C(C(=O)N2CCCCC2)C1NC(=O)C(CO)n1c2nc(=O)[nH]c(=O)c-2nc2cc(C)c(C)cc21,0
CC(C)CN(C)C,0
NC1CCN(C(=O)c2ccco2)C1,0
CO[C@@H]1O[C@H](C)[C@H](C(=O)N2CCC(C(N)=O)CC2)[C@@H](Nc2ccccc2C(=O)c2ccccc2)[C@H]1O,0
CC(Oc1ccc(Cl)cc1Cl)C(=O)c1ccccc1,0
Cc1c(C(=O)Nc2ccc3ncccc3c2)ccnc1NCCCNc1ccccc1,0
O=C(CCCCC(=O)NC(=O)C(Cl)Cl)NCC(=O)c1ccncc1,0
CN(CS(=O)(=O)[O-])c1ccc(NC(C#N)c2ccc(C3(Oc4nncs4)CCOCC3)cc2)cc1,0
O=C(CCl)Nc1ccc2c(c1)Cc1cccnc1O2,0
C[C@@H]1O[C@@H](c2ccccc2)C[C@H](N)[C@@H]1O,0
COC(=O)[C@@H](C(C)C)C1CCC(C#N)(C(=O)N(C)C)CC1,0
COC(=O)c1cc(S(C)=O)ccc1NCCCC[C@H]1[C@@H](O)[C@@H](CO)OC[C@]1(C)O,0
CO/N=C(\C(=O)Nc1ccc(F)cc1F)c1nsc(N)n1,0
COCCCN1CCC2CC21S(=O)(=O)c1ccccc1,0
CCc1nc(NC(=O)c2ccc(F)cc2F)cs1,0
CN(C)c1cc(Br)c(O)c(Br)c1,0
CC(C)[C@@H](Oc1csc(N=C(N)N)n1)C(=O)NC(=O)[C@H](O)C(C)(C)CO,0
CN1C[C@@H](c2cccc(F)c2)C[C@H]1Nc1ccccc1,0
CC(=O)N1CCCC1,0
COC(=O)N1CCC(C(=O)O)CC1,0
Cc1nn(C)c2c(O)nncc12,0
CC1CCCN(C(=O)c2ccc3nc(N4c5ccccc5Sc5ccc(S(=O)(=O)N6CCC[C@H]6c6cccc(N7CCCNCC7)c6)cc54)[nH]c3c2)C1,0
C[C@H]1CNCC[C@H]1C(C)(C)CC(C)(C)C,0
CC1CN([C@]2(C)O[C@@]3(O)[C@@H]4CCCN4C(=O)[C@H](CNC4C[C@H]5[C@@H]6O[C@@H]6[C@@H](C4)[N+]5(C)C45CCCN4CCC5)N3C2=O)CCO1,0
O=C(c1ccccc1)N1CCSCC1,0
C[C@@]1(O)c2c(Cl)ccc(O)c2C(O)=C2C(=O)[C@]3(O)C(O)=C(C(N)=O)C(=O)[C@@H](Oc4ccc(F)cc4)[C@@H]3C[C@@H]21,0
Cc1csc(N(C(=O)CCCl)c2ccccc2)n1,0
CCc1ccccc1,0
O=C(Nc1ccccc1)c1nc2ccccc2n1CO,0
COC[C@@H]1O[C@H](N2CCC3CC32N2CCC=C(F)C2)[C@H](O)[C@@H](O)[C@@H]1N,0
CCCCn1c(N2CCN(C(C)=O)CC2)nc2ccccc21,0
N#CC1CC1,0
COCc1ccc(C(=O)[O-])cc1,0
CCNc1ccccc1,0
CC(C)Nc1cn(-c2ccccc2)nn1,0
CNCCOC,0
Cc1c(NCC(COC2CCCCC2)c2ccccn2)ccc2c(O)c(-c3ccccc3O)c(=O)oc12,0
CN1CCC(CCN[C@@H]2CN3CCC2CC3)C1=O,0
COCC(O)CN1c2ccccc2NC(=O)c2csc(C)c21,0
Cc1nnc(-c2oc(-c3ccccc3F)nc2[C@H]2C[C@H](N)[C@H](O)[C@H](C)O2)s1,0
Nc1c(-c2cccnc2)cccc1C1(CCOc2cc(-c3ccc4cc(OCCOc5ccc(Nc6ccc(F)cc6)cc5)ccc4c3)ccc2[N+](=O)[O-])CCCCC1,0
CCN[C@H]1CCCN([C@@H]2[C@H](C)O[C@@H](c3ccccc3)C[C@H]2N2C(=O)CN(C(c3ccc(F)cc3Br)[C@H]3CC3(C)C)CC2=O)[C@@H]1C,0
O=S(=O)(O)O,0
COc1ccncc1,0
c1ccc(N2CCCC2)cc1,0
Cc1cnc(-c2nc(Cl)c(N)nc2N)c(C)c1-c1ccccc1,0
CC[C@]1(O)Cc2c(O)c3c(c(O)c2[C@@H](OC[C@@H](O)[C@@H]2C[C@H](c4cc(=O)[nH]c(=O)[nH]4)O[C@@H](C)[C@H]2C(=O)O)C1)C(=O)c1c(cccc1-n1ccnc1[N+](=O)[O-])C3=O,0
CCc1nnnn1-c1cccc(Cl)c1C,0
CN1C[C@@H](c2ccccc2)C[C@H]1[C@H]1C(=O)N2[C@@H]1SC(C)(C)[C@@H]2N1CC[C@H](N)C1,0
COC(=O)C(C)OC,0
CC(=O)NCc1ccccc1F,0
O=C(Cc1ccccc1-c1c[nH]c2ccc(C(=O)O)cc12)NCCNc1ccccc1,0
C[C@]12CCC[C@](C)(N3CCc4sccc4C3)[C@@H]1CCc1cc(C(N)=O)c(S(=O)(=O)[O-])cc12,0
CCOC[C@@H](O)[C@H]1[C@H](O)[C@@H](O)[C@H](N=C(N)N)[C@@H](O)[C@@H]1N=C(N)N,0
CC1(COC(=O)C(C(=O)[O-])n2ccnn2)NC(=O)NC1=O,0
Cn1nnnc1Nc1ccccc1C(=O)OCC(=O)O,0
COC(=O)[C@H]1[C@@H](O)[C@@H](C(O)COC(=O)C(C)C)OC[C@]1(C)O,0
CC1(C)S[C@@H]2[C@@H](N[C@H]3C=C(CO)[C@@H](O)[C@H](O)[C@H]3O)C(=O)N2[C@H]1N1CCN(c2c(Cl)cccc2Cl)CC1,0
COC[C@H](N[C@H]1CCCN1C1CCCCC1)C1CCN(CCNS(=O)(=O)c2ccc(N)cc2)CC1,0
CC(=O)Oc1cc([N+](=O)[O-])ccc1CC(=O)O,0
NC(=O)NC(=O)c1nccc(-c2ccc(F)c(Cl)c2)n1,0
C[C@]12CC[C@H](O)C[C@H]1CC[C@@H]1[C@@H]2CC[C@]2(C)[C@@H](C3=CC(=O)OC3)CC[C@]12O,0
CCN[C@@H](CCC(=O)[O-])C(=O)[O-],0
CN(C)c1ccc(Cl)cc1,0
Cc1ccccc1Nc1ccc(F)cc1,0
COc1cc([C@H]2OC(CN)=CC[C@H]2N)c(C)cc1[C@H]1CCCN[C@H]1C,0
CN[C@H]1C[C@@](C)(c2ccccn2)[C@@H](O)[C@H](C)O1,0
N[C@H]1CCN(C(=O)CCc2cc(Cl)ccc2O)C1,0
Cc1ccc(-c2ccccc2)cc1,0
CC1=C(N)C(=O)C2=C(C1=O)N1C[C@@H]3N[C@@H]3[C@]1(N1C[C@H](C)O[C@H](C)C1)[C@@H]2Nc1ccccc1C,0
Cc1ccccc1-c1cccc([N+](=O)[O-])c1,0
Cc1nc2n(c(=O)c1Nc1cc(=O)c3c(CO)cccc3o1)CCCC2,0
CCN(CCCNC)C(=O)C1=C(C)NC(C)=C(C(=O)[N+](CC)(c2ccc(-n3ccnc3C)c(CC(N)=O)c2)c2ccccn2)C1C(=O)O,0
O=C(CCl)Nc1noc(CCF)n1,0
CCS(=O)(=O)CCc1ccc(NC(C)C)cc1,0
CCN1CCC(c2ccccc2C)(C(C)C(=O)[O-])C1,0
CC(C)(C)Oc1ccccc1,0
O=C1CCC(N(c2cccc3[nH]c4ccccc4c23)C2CCCCC2)C(=O)N1,0
C=CC1=C(C(=O)O)N2C(=O)[C@@H](N(CCCOC[C@H](O)[C@@H](O)[C@H](O)[C@H](O)CO)C(=O)c3ccncc3)[C@H]2SC1,0
C=C1c2c(Cl)ccc(O)c2C(O)=C2C(=O)[C@]3(O)C(O)=C(C(N)=O)C(=O)[C@@H](Nc4cc5c(=O)c6cc(NC7(c8cccc9ccccc89)OCC(NS(C)(=O)=O)O7)ccc6oc5nc4N)[C@@H]3[C@@H](O)[C@H]12,0
CCC(Oc1ccccc1-c1ccc(Cl)cc1)C(O)c1ccc(Cl)cc1,0
C[C@@H]1C[C@H]2[C@@H]3C[C@H](F)C4=CC(=O)C=C[C@]4(C)[C@@]3(Cl)[C@@H](O)C[C@]2(C)[C@H]1c1ccc(C(=C(c2ccccc2)c2ccccc2)c2ccc(OS(N)(=O)=O)cc2)cc1,0
CC(C)(C)c1cccc2c1C(=O)c1c(O)c3c(c(O)c1C2=O)C[C@@](O)(N1C(=O)C(C(C)(C)C)C(=O)N1CNC=O)C[C@@H]3Oc1ccc(O)cc1,0
N#Cc1ccon1,0
c1ccc(CN2CCOCC2)cc1,0
CC(C)Nc1ncccn1,0
O=S(=O)(NCCOC12CC1CCN2c1ccc(O)cc1)c1ccc(Br)cc1,0
CC(=O)N1C[C@H]2CCCC[C@H]2C[C@@H]1C(O)(c1ccc(N=Nc2ccc3c(S(=O)(=O)[O-])cc(S(=O)(=O)[O-])c(N)c3c2O)c(C(=O)[O-])c1)c1cc(C)sn1,0
CC(=O)OCC1=C(C(=O)[O-])N2C(=O)C(C(=O)O)(C(C)C)[C@H]2OC1,0
[Na+],0
C[C@]12C[C@H](Cl)[C@@]3(Cl)[C@@H](CCC4=CC(=O)C=C[C@@]43C)[C@@H]1CC[C@@]2(O)c1ccc(-c2ccc(-c3c(C(=O)Nc4cccc(F)c4)ccc4cn[nH]c(=O)c34)cc2)cc1,0
COCC1=NCCN1,0
COC1(C2CCCCC2)CCCCC1,0
O=c1[nH]c(=O)n(CO)cc1/C=C/Br,0
O=C1NC(=O)C(NC2=NCCN2)(SCc2ccccc2Cl)C(=O)N1,0
COc1ccc(Nc2ccc(F)cc2)cc1,0
Cn1c(=O)n(C(F)(F)F)c(=O)c2c1nc(C(=O)SCF)n2-c1ccco1,0
CC(=O)N(C)C,0
CCc1ccc(-c2cccc(O)c2)cc1N(C)C,0
COc1cc(-c2cccnc2)ccc1F,0
COC(=O)CCCc1ccc(-c2ccc(CO)cc2)cc1,0
COC(=O)N[C@H]1[C@H](C(=O)Oc2ccc(-c3ccc(O)c4[nH]c(=O)ccc34)cc2)[C@@H](OC)CC(=O)O[C@H](C)C/C=C/C=C/[C@H](O)[C@H](C)C[C@@H]1N1CCC(O[C@@H]2[C@@H](O)[C@@H](N3CC(CNc4c(-c5ccc(CC(=O)O)cc5)cc(OC(=O)c5cccc(I)c5)cc4C(C)C)CC3=O)[C@@H](N)C[C@H]2N)CC1,0
COc1ccc2nc(NC(=O)C(C)C)[nH]c2c1,0
O=C(Oc1ncnc2nc[nH]c12)OC(F)F,0
Cc1ccccc1NS(C)(=O)=O,0
CCOC,0
CCNCc1ccccc1,0
CO[C@@H](C1CCCN1c1ccccc1)[C@H](C)Cl,0
Clc1ccc(Nc2cnns2)cc1,0
O,0
Cc1noc(-c2ccccc2)c1C,0
c1ccc(CN2CCN(C3=Nc4ccccc4Sc4ccccc43)CC2)cc1,0
Cc1ccc(N(C)C)cc1,0
Cc1c(C(=O)N(C)C)c(=O)n(C(C)N)n1C,0
CC(=O)N1CCN([C@@H]2[C@@H](O)C[C@@H](O)[C@@H]2C=C(C)Cc2ccc[n+](C)c2)CC1,0
O=C(c1ccc(-n2ccnc2)cc1)c1ccc2c(c1)N(c1c(Cl)cccc1Cl)c1ccccc1S2,0
C[C@H]1C=CC2=C[C@@H](O)C[C@H](C(=O)N3CCC(c4ccnc5c(C#N)cnn45)CC3)[C@@H]2[C@@H]1C(=O)N(CCO)c1ccc(F)cc1,0
C#Cc1cccc(NC(=O)N(C)C)c1,0
Cc1nc2n(c(=O)c1N1C(=O)c3ccccc3C1=O)CCCC2O,0
CCOc1ccc(F)cc1,0
C[C@@H]1C[C@H]2[C@@H]3C[C@H](F)C4=CC(=O)C=C[C@]4(C)[C@@]3(F)[C@@H](O)C[C@]2(C)C1(CN[C@@H]1O[C@@H](c2ccccc2)C[C@@H]1O)N1CCN(c2ccc([C@]34OC(C)(C)O[C@@H]3C[C@H]3[C@@H]5C[C@H](F)C6=CC(=O)C=C[C@]6(C)[C@H]5[C@@H](O)C[C@@]34C)cc2)CC1,0
CCn1nc(C[C@H]2CO[C@@H]3[C@@H](NC(C)=O)CO[C@H]23)c2ccccc21,0
COCCCN(C)CC=Cc1ccccc1,0
CC1(C(=O)CO)CCCN1[C@H]1[C@@H](O)CC[C@H]2CN3CCc4c([nH]c5ccccc45)[C@@H]3C[C@@H]21,0
O=C(O)CNc1ccc(F)cc1,0
Nc1cc(-c2nsc3ccccc23)c([C@@H](CCOc2ccccc2)Oc2ccccc2)cc1Cl,0
CCN[C@@H]1C[C@H]1C,0
COc1nnco1,0
CC(C(=O)O)N1CCN(C)CC1,0
C[C@@H]1O[C@@H](c2ccc3ncnc(N4C[C@H]5CCCc6cccc(c65)C4=O)c3c2)C[C@@](C)(c2ccc(Cl)cc2)[C@H]1O,0
O=C(Oc1ccccc1)[C@@H](CCc1ccc2ccccc2c1CO)Oc1ccccn1,0
C[C@]12C=CC(=O)C=C1CC[C@H]1[C@@H]3C[C@H]4OC5(CCCC5)O[C@]4(OC4(C(O)CN5C[C@H](O)C[C@@H]5N[C@H]5OC(CN)=CC[C@H]5N)CCNCC4)[C@@]3(C)C[C@H](O)[C@@]12F,0
C=CCN1CCC2CC21C(=O)NC(C)(C)C,0
O=C([O-])CCCOCc1ccc2c(CC(=O)O)cc3c(Cl)cc(Cl)cc3c2c1,0
Cl,0
CCC(=O)[C@@H]1O[C@@H](c2ccccc2-c2ccccc2)[C@@H](O)[C@H]1O,0
c1ccc(N2CCN(c3ccccc3C3CC3)CC2)c(CCN2CCC(c3cnccn3)CC2)c1,0
O=C([O-])C1=C(COc2ncccn2)CS[C@@H]2[C@@H](C(=O)O)C(=O)N12,0
COc1ccc(F)cc1,0
CO[C@@]1(O)CC[C@H]2[C@@H]3C=CC4=CC(=O)CC[C@]4(C)[C@H]3CC[C@@]21C,0
NCC[C@@H](Nc1ccccc1)C(=O)N1c2ccccc2Sc2ccccc21,0
CC(=O)Oc1cn(-c2ccccc2-c2cc(S(C)(=O)=O)ccc2N2CCOCC2)c2c(Cl)c(-c3cc(O[C@@H]4CN5CCC4CC5)c(O)c(-n4cccn4)c3)c(F)cc2c1=O,0
CCCCCCOCCNc1ccncc1,0
[Na+],0
O=S(=O)(Nc1ccc(Cl)cc1)c1ccc(Cl)cc1,0
COC(=O)/C(=N\Oc1cc(N(C)C(C)=O)n[nH]1)c1csc(N)n1,0
COC(=O)c1ccccc1,0
CCNCCOCCNC[C@H]1CN2CCSC2=N1,0
CCN[C@@H]1CN(c2cc3c(cc2F)c(=O)c(CN2CCC2)cn3-c2ccc(N3C(=O)C(C(F)(F)F)C(=O)N3C(=O)C3c4ccccc4Oc4ccccc43)cc2)C(=O)O1,0
CC(=O)c1ccc(F)cc1,0
COc1ccccc1,0
COC(=O)C(C)(C)C,0
CN(C)c1cccc(F)c1,0
Cc1ccc(OCCCN2CCC(C(N)=O)CC2)o1,0
Oc1ccc(-n2cncn2)cc1,0
Cl,0
OC(CN1CCC(c2cccc(Cl)c2)CC1)c1ccncc1,0
NC(=O)[C@@H]1O[C@H](N2c3ccccc3Sc3ccc(Cl)cc32)[C@H](N)[C@@H](O)[C@@H]1O,0
Cc1nc([C@H](N)C(=O)N2CCOC(CC(=O)O)C2)cs1,0
Cc1ccc(C(=O)O[C@@H](CCC(=O)O)C(=O)O)cc1,0
Cl,0
Cc1ccc(C(=O)N(C)c2ccc(Cl)cc2)cc1,0
CN(C)S(=O)(=O)c1ccc(N)cc1,0
Cc1cc(CCN2c3ccccc3Sc3ccc(N4CCN(C)CC4)cc32)nc(-c2ccc(F)cc2)n1,0
O=C(O)[C@H]1Oc2cc(O)cc(O)c2C[C@@H]1O,0
O=C(OCc1ccccc1O)c1c[nH]c2ccccc12,0
CN(C)C(=O)C(O)c1ccccc1,0
COCC(O)CNc1ccc2c(c1)NC(=O)CC2,0
COCC(O)c1ccc(Oc2ccc(C(O)(c3ccccc3)c3ccccc3)cc2)cc1,0
CC[C@H](Oc1ccc([C@H]2[C@@H](O)[C@@H](C(=O)CN3CCOCC3)OC[C@]2(C)O)cc1)[C@@H](O)c1ccc(Nc2cccc(NC)c2)cc1,0
CCOc1ccc(C(Cl)=CC=C(C#N)C(=O)NC(=O)C2COc3ccccc3O2)cc1,0
CCSSC(CCO)=C(c1ccccc1)c1ccc(-c2ccccc2C2CCN([C@H]3CC[C@H](OC)O3)CC2C(=O)OCC(=O)Nc2ccc(C)cc2O)cc1,0
Cl,0
CCN1CCC[C@@H]1c1ccc(Br)cc1-c1ccc(S(C)(=O)=O)cc1F,0
Cc1ccc([C@H](C)O[C@@H]2O[C@H](c3sccc3C)[C@@H](O)[C@H](N)[C@H]2O)cc1,0
COCC1=C(C(=O)[O-])N2C(=O)C(Nc3ccc(F)cn3)(c3ccccc3)[C@H]2SC1,0
CN(C)C1(O[C@@H]2[C@@H](N=C(N)N)[C@H](O)[C@@H](N=C(N)N)[C@H](O)[C@H]2O)C[C@@H]1CNc1ccc(-c2cnns2)cc1,0
CC(=O)N(CCO)C(=O)c1cccc(F)c1,0
CSc1cc(Cl)ccc1C(=O)Nc1ccc2cc([C@@H]3N4C(=O)[C@H]([N+](C)(C)C)[C@H]4SC3(C)C)ccc2c1,0
NCC[C@H](O)C(=O)Nc1ccccc1,0
Fc1ccc(C2CCNCC2)cc1,0
O=c1[nH]cc(Oc2ccc(O)c(I)c2)c(=O)[nH]1,0
Cc1cccc(C)c1N(C)C,0
O,0
CN(C)c1ccc(COc2ccnc3ccc(CC(=O)O)cc23)cc1,0
CC(C=CCc1cc2ccccc2c(-c2nn(C)c3ccccc23)c1[O-])=CCc1ccccn1,0
CCNCCNc1ccco1,0
CNC(C)(C)C,0
C[C@H](N1c2ccccc2CC(=O)c2ccccc21)n1cc(F)c(NCC(CNC2CC2)N2CCOCC2)nc1=O,0
CCOC,0
Cc1csc(C(N)=O)c1CC(CS)C(=O)OCC#CBr,0
CC(=O)NC(=O)C1(c2c(F)cccc2Cl)C(=O)NCNC1=O,0
COc1c(-c2cnccn2)sc2cc(O)ccc12,0
Cn1c(NCc2ccccc2)nc2ccccc21,0
Cn1cc(C(=O)NCC(=O)O)cn1,0
CN1[C@H]2CC[C@@H]1CC(Nc1c[nH]c3nc(N)[nH]c(=O)c13)C2,0
N[C@H]1[C@H](O)[C@@H](c2c[nH]c3ccc(O)cc23)O[C@@H](N2CCN(CC(O)COC(=O)CCC(=O)O)CC2)[C@@H]1O,0
CS(=O)(=O)c1ccc(Oc2ccccc2)cc1,0
COCCNCc1c(OC)cc(-c2ccccc2)cc1C(F)(F)F,0
N=C(N)N1CCc2ccccc2C1,0
Cc1ncsc1[C@@H]1COC[C@H]1Oc1cn(C)nc1C(=O)COC(c1ccc(Oc2cccc(C(O)CN3CC[C@H](COc4ccccn4)C3)c2)cc1)c1nc(Cl)c(N)nc1N,0
CC(=O)N1CCC(c2ccc(COC(=O)CNCCNC(Cc3ccc(Cl)cc3)n3cnc4c3c(=O)n(C)c(=O)n4C)cc2)CC1,0
COCCc1ccc2c(=O)c(C(=O)Oc3ccc(F)cc3)coc2c1,0
COCC(O)[C@H]1C[C@@H](C)C=C2C=C[C@H](C)[C@@H](OC(F)(F)F)[C@H]21,0
CSC[C@@H]1N2C(=O)[C@H](C(=O)[O-])[C@H]2SC1(C)C,0
C[C@H]1O[C@@H](NC2=NCCN2)[C@H](O)[C@H](c2cc(N)ccc2O)[C@H]1CCCN[C@H]1CC[C@H]2[C@@H]3CCC4=CC(=O)CC[C@]4(C)[C@H]3CC[C@]12C,0
CC1CN(c2cc(-c3ccc(Cl)cc3)c(CO)c([C@H]3CCCO3)c2)CCO1,0
CCN[C@H]1O[C@@H](OCCCNC2(Oc3ccc([C@H]4CC[C@H]5[C@@H]6CCc7cc(O)ccc7[C@H]6CC[C@]45C)cc3)CCNC2)[C@@H](O)[C@H](O)[C@H]1O,0
CC1(C#N)CCCN1C1CCOCC1,0
CCN(C)C(=O)OCCC=Cc1ccc(-c2ccccc2)cc1,0
CN(C)c1cc(-c2ccc(F)cc2)ccc1Nc1ccccc1CCC(N)=O,0
CC(C)(C)Nc1ccccc1,0
[Ca+2],0
CCN1CCN(c2oc3ccccc3c2OC(=O)CN[C@@H]2COC[C@H]2[C@@H]2O[C@@H]([C@@H]3C[C@@H](C)C[C@H](C)C3=O)[C@H](O)[C@@H](O)[C@@H]2O)CC1,0
NC(N)=N[C@H]1[C@H](O)[C@@H](O)[C@H](N2CCC(NC(=O)c3ccncc3)CC2)[C@@H](N=C(N)N)[C@@H]1O,0
NS(=O)(=O)CN1CCCNC1=O,0
CCNC(=S)N1CCC([N+](C)(C(=O)c2ccc(Cl)nn2)C(=O)[C@@H](C)N)CC1,0
O=C(O)c1cc(=O)[nH]c(=O)[nH]1,0
Nc1nccc(-c2cnn(-c3cccs3)c2)n1,0
CC(N)[C@]12OC(C)(C)O[C@@H]1C[C@H]1[C@@H]3C[C@H](F)C4=CC(=O)C=C[C@]4(C)[C@@]3(F)[C@@H](O)C[C@@]12C,0
COc1c(-c2nccs2)noc1-c1ccc(Oc2ccccc2C(=O)OC(C)(C)C)cc1,0
N=C1NCCCN1,0
Fc1ccc2c(c1)CC[C@H](c1ccccc1-c1cnccn1)O2,0
CC(=O)NC(=O)[C@@H](CCc1ccccc1)Oc1ccc(C(=N)N)cc1,0
CCOCC1CCN(c2cc(C(C)(C)C)cc(C(F)(F)F)c2)CC1,0
CN1CCC[C@@H]1C(=O)N1CC[C@H](N)C1,0
CCCCC[C@H](O)C=CCCOC,0
COC(=O)[C@@H](CCC1(OC(=O)c2nc[nH]c2C)CCOCC1)Nc1cnn(-c2ccccc2)c1,0
CS(=O)(=O)O,0
O=C([O-])c1cccc(O[C@H]2C=C[C@H](C(=O)c3c(I)c(-c4ccccn4)c(I)c(-n4ccnc4)c3I)O2)c1,0
Cc1csc(NC(C)C)n1,0
CC(N)C(O)N1C(=O)CN([C@@H]2[C@@H](c3cccs3)O[C@@H]3OC(C)(C)O[C@H]23)CC1=O,0
O=C1SCCC1N1CCCC1,0
Cc1cc(NC2CCC2)no1,0
Cc1ccccc1Oc1cccnc1,0
CN(C)CCNC(=O)c1cc(O)cc(O)c1,0
Fc1ccc(Oc2ccn[nH]2)cc1,0
[Cl-],0
COCCS(C)(=O)=O,0
CC1CN(C2C[C@H]3[C@@H]4O[C@@H]4[C@@H](C2)[N+]3(C)C(C)(C)C(=O)NC2=NCCN2)CCN1,0
[Na+],0
CCOC,0
Cc1nc(C)c(C(=O)NC2CCC(C#N)(c3ccccc3)CC2)s1,0
CO[C@H]1C[C@@]2(O)[C@H](C(=O)Nc3ccc(F)cc3)[C@H]3[C@](C)(C(=O)[C@H](O)C(=C1C)C2(C)C)[C@@H](O)C[C@H]1OC[C@@]31OC(C)N1CCC2CC21c1ncccc1F,0
Cl,0
NCC1=CC[C@@H](N)[C@@H]([C@H]2[C@@H](N)C[C@@H](N)[C@H](Nc3ccc(C4Nc5cc(Cl)c(S(N)(=O)=O)cc5S(=O)(=O)N4)c(F)c3)[C@H]2O)O1,0
Cc1ccccc1Nc1ccccc1,0
COCC(=O)c1ccc(CO[C@@H]2C=C3c4cccc5[nH]cc(c45)C[C@H]3N(C)C2)cc1,0
CCC(=CCCOc1nc(N)nc(N)n1)c1ccc(O)cc1,0
NC(=O)c1ccc(O)c(O)c1,0
C[C@](N)(Cc1ccccc1)C(=O)NC(=O)c1ncccn1,0
COC(=O)CCNCCCN1CCNC(C)C1,0
Cc1cc(C)c(-c2cc3c(C(=O)O)ncnc3cc2NC(=O)c2ccc3c(ccc(C=CCCOc4ccccc4)[n+]3C)c2)c(C)c1,0
NC(N)=NC(=O)c1ccccc1Cl,0
COc1ccc(NCCCC(=O)c2ccccc2)cc1,0
CN1C[C@@H](COC[C@H]2C[C@H](N=[N+]=[N-])[C@H]([C@]3(O)CC[C@H]4[C@@H]5CCC6=CC(=O)C=C[C@]6(C)[C@@]5(F)[C@@H](O)C[C@@]43C)O2)C[C@H]1CCN[C@H]1CN(CC(O)CO)S(=O)(=O)c2sc(S(N)(=O)=O)cc21,0
CC(=O)N1CCN(C(C)CN(C)C)CC1,0
CN(C)C(=O)c1ccc(CN=C(N)N)cc1,0
O=C(O)C=CCCNc1cc(N=Nc2ccc(S(=O)(=O)NCC(O)CN3CCC=C(F)C3)cc2)ccc1O,0
CCOC(=O)CCCc1cc(CC(C)C)no1,0
N#CCC(N)=O,0
COC(=O)C1=C(C)NC(C)=C(C(=O)Oc2ccco2)C1N1CCOCC1,0
CS(=O)(=O)c1ccc(N2CCN(Cn3cnc(S(N)(=O)=O)c3)CC2)c(CO)c1,0
CNc1cc2ccnc(O[C@H](CCCN=C(N)N)C(=O)Nc3ccc(-c4cccc(Cc5ccc(F)c(F)c5)c4)cc3)c2cc1OC,0
Clc1ccc(-c2ccncc2)cc1,0
CC(C(=O)O[C@H]1OC(O)[C@H](O)[C@@H](O)[C@H]1Nc1ccccc1)=C(C(=C1[C@H](O[C@@H]2O[C@@H](c3cccc4nonc34)[C@H](O)[C@@H](O)[C@@H]2O)C[C@@]2(C)[C@H]1C[C@@H](O)[C@H]1[C@@]3(C)CC[C@@H](O)[C@@H](C)[C@@H]3CC[C@@]12C)c1ccc(O)cc1)c1ccc(O)cc1,0
CC(C)(C)Oc1ccco1,0
[Na+],0
CC(=O)O[C@@H]1C[C@H]1C,0
C[C@@H]1[C@@H](CCC2CCCCC2)CCCN1CC1=C(C(=O)O)N2C(=O)[C@H](OC(=O)c3ccc(C(=O)O)cc3)[C@H]2SC1,0
O=C(O)c1cccc(C(F)(F)F)c1,0
COC(=O)[C@@H](CCCCOc1ccc(-c2ccc3ccccc3n2)cc1)OC,0
Cc1cc(=O)c2c(-c3ccc(O)cc3)c3ccoc3c(C(=O)CCCOc3ccccc3)c2o1,0
Cl,0
C[C@H]1CNCC[C@H]1c1ccc2nc3cc(Cl)ccc3c([C@H](O)CO)c2c1,0
Cc1cc(CNc2c(C)[nH]c3c2C(=O)C(c2cccc(N(CC(O)CO)c4ccc5[nH]c(=O)[nH]c5c4)c2)CC3)no1,0
CN(C)C(=O)c1cccnc1NCc1ccccc1,0
COCCC=C(C)[C@H]1OC(=O)[C@@H]2CCCCN2C(=O)C(=O)[C@]2(O)O[C@H]([C@H](CC(=O)N3CCN(C(C)C)CC3)C[C@@H](C)C/C(C)=C/[C@H](C(=O)N[C@]3(O)[C@H](O)C[C@H]4[C@@H]5CCC6=CC(=O)C=C[C@]6(C)[C@@]5(F)[C@@H](O)C[C@@]43C)C(=O)C[C@H](O)[C@H]1C)[C@H](c1ccccc1)C[C@H]2C,0
CN[C@@H](CCOC)c1ccccc1NCC(CO)SC(C)(C)C,0
CC1=C[C@H]2C(=O)O[C@H]3C[C@@H](C/C=C(\C)[C@H](C(=O)Nc4ccc(NC(=O)c5ccccc5)cc4C4CC(C)CC(C)(C)C4)[C@@H](C)/C=C/C=C4\CO[C@H]([C@@H]1O)[C@@]42O)O[C@@]1(C=C[C@H](C)[C@@H](c2cc4ccccc4o2)O1)C3,0
COCCN,0
NC(=O)CC[C@H](OC(=O)C1(C(=O)c2ccco2)CCNCC1)C(=O)O,0
CC(CN(C)C)Oc1ccccc1-c1ccccc1,0
CC(O)(CS(=O)(=O)c1ccc(F)cc1)C(=O)NC(=O)C1CC1,0
CC[C@H](CO)N[C@H]1O[C@@H](c2ccccc2)[C@@H](O)[C@H](O)[C@H]1N,0
CO[C@@H]1O[C@@H]2COP(=O)([O-])O[C@H]2[C@@H]1CC(C)(C)N(C)C,0
CCNC(=S)N1CCC(c2ccccc2)CC1,0
CC(=O)N[C@@H]1C[C@@H](C)O[C@@H](CNC(C)(C)C)[C@@H]1O,0
CO[C@H]1O[C@@H](OCCN2CCC(Nc3ccccc3-c3cncs3)CC2)[C@H](O)C(O)[C@H]1O,0
CN(C)CC(O)[C@@H]1CCOC[C@@H]1N,0
CC(C)(C)Nc1ccc(Nc2ccc(NCC(=O)O)nn2)cc1,0
Cc1cc(=O)c(C(=O)O[C@@H]2O[C@@H]([C@@H]3CCCN[C@@H]3C)[C@@H](O)[C@@H]2O)c[nH]1,0
C1=CC2CC1CC2CN1CCC(Oc2ccccc2)CC1,0
CN(CC[N+](C)(C)C)c1ccccc1,0
O=C(NCCN1CCCCCC1)c1ccccc1,0
Cc1nc(C(OC(=O)C(C)C)n2cc(F)c(=O)[nH]c2=O)nc2ccccc12,0
COc1ccc(N(C)Cn2cc(O[C@@H]3N4C(=O)C[C@H]4S(=O)(=O)[C@@]3(C)C(=O)CN[C@H](Cc3ccccc3)[C@H](O)CNC(=O)c3ccccc3Oc3cccc(Oc4ccc(NC(=O)N(C)C)cc4)c3N)nn2)c(NCC=CC=C(C)C=Cc2c(CCC(=O)[O-])nc([C@@H]3CS[C@@H](c4ccccc4)CN(c4oc5ccccc5c4CNc4ccc(Nc5ccncc5)cc4)C3=O)nc2OC)c1,0
CCn1cnc2c(N)ncnc21,0
Cl,0
CNC(=O)C=CCCN(C)C,0
O=C(O)C1=C(Cl)CS[C@@H]2[C@H](NC(c3cc(Br)ccn3)c3c(Cl)cccc3Cl)C(=O)N12,0
CN1C(=O)NC(C(=O)NNCCC(=O)NC2CCCN(C(=O)c3nn(-c4ccc(S(C)(=O)=O)cc4)c4ccccc34)C2)(c2ccccc2)C1=O,0
CC(=O)O[C@@H]1c2cc3c(cc2[C@@H](c2cc(N(C)C4CCCCC4)c(O)c(-n4ccnc4)c2)[C@H]2C(=O)OC[C@H]12)OCO3,0
Cc1c(N(C)C)nn(-c2ccc3c(c2)N(C(=O)[C@@H](C(C)C)N(C)C2([N-][C@H](CCN)C(=O)N4c5ccccc5Sc5ccccc54)CCNCC2)c2ccccc2S3)c1OCC1CCCCC1,0
CCN1CCN([C@H](CO)[C@@H](O)c2c[nH]c3ccc(-c4ccc(OCC#CBr)cc4)cc23)CC1,0
O=C(NCC(O)CO)NNc1nncc2ccccc12,0
CC[C@@H]1O[C@H](C)C[C@@H](c2ccccc2)[C@H]1O,0
Nc1ccc(S(=O)(=O)Nc2nnc(-n3cncn3)s2)cc1,0
COc1nc2ccc(N(C)c3cc(Cl)cc(Cl)c3O)cc2[nH]1,0
COC1OC(Nc2cnc(C)nc2N)C(O)C(O)C1N,0
NC1CCN(Cc2ncc(-c3ccccc3)cc2Cl)C1,0
COc1ncn(C(O)CNC(=O)[C@@H]2[C@H](c3ccccn3)O[C@@H](C)[C@]2(O)C=O)n1,0
CC1=C(C(=O)N2CCNCC2)C(CNc2ccc(Cl)cc2)C(C(=O)N2CCC=C(F)C2)=C(C)N1,0
COCc1ccccc1,0
Clc1ccc(N2CCCN(CCc3ccccc3)CC2)cc1,0
CC(=C(C#N)C(=O)N[C@@H]1C[C@@H]2c3cccc4c3c(cn4C)C[C@H]2N(C)C1)N(C=O)CCO,0
OCc1ncccn1,0
COC(=O)COc1ccccc1C=CC(=O)c1csc(-c2ccccc2F)n1,0
CCCCCCCOC1C(C(=O)OC(=O)C(C)(C)C)=C(C)NC(C)=C1C(=O)N1CCCCC1,0
CC1(CNc2c[nH]c3ccccc23)CCCN1,0
CO[C@@H]1COC[C@H]1c1ccc(F)cc1,0
COc1nc(Cc2cccc(-c3cnc(C)nc3N)c2)no1,0
CC(N)C(=O)NC(=O)c1ccccc1,0
CS(=O)(=O)O,0
CN(C(=O)[C@@H](N)c1ncccn1)C(=O)N(C)c1cccc([N+](=O)[O-])c1,0
Cc1cccnc1C(=O)c1ccc([O-])c(C2CCCO2)c1,0
Cc1nsc([C@@H]2C[C@@H](C)O[C@@H](c3ccc4ncccc4c3)[C@@H]2O)n1,0
Cc1cc(F)cnc1-c1cc(-c2cc[nH]n2)ccc1C1CCN(c2cc3c(cc2C2(C)CC(=O)NC(=O)C2)CC[N+](C)(C2CCCCC2)C3Cc2ncc(Cl)cc2F)CC1,0
c1ccc(-c2ccc3nc(-c4ccccc4)[nH]c3c2)cc1,0
[Br-],0
CCN(C(=O)C(C)(C)C)[C@@H]1N2C(=O)[C@H](N(Cc3ccccc3)C3O[C@@H]4C[C@H]5[C@@H]6CCC7=CC(=O)C=C[C@]7(C)[C@H]6[C@@H](O)C[C@]5(C)[C@]4(NCC4=NS(=O)(=O)c5cc(S(N)(=O)=O)c(Cl)cc5N4)O3)[C@H]2SC1(C)C,0
NCc1ccccc1Oc1ccncc1,0
COC(=O)c1ccc2c(c1)N(c1ccc(F)cc1)c1ccccc1S2,0
COCCCc1cc(-c2cccc(OCC(=O)N3CCCC3c3cnn(C)c3)c2)ccc1Oc1ccccc1,0
Nc1c(Br)cc(Br)cc1C(F)(F)F,0
CCN1CCNCC1,0
COC(=O)N1CCNCC1,0
CO[C@H]1C(=O)N2C(C(=O)O)=C(CN(c3c(C)cccc3C)[C@@H]3C[C@@H](O)CC(=O)O3)CS[C@H]12,0
Cc1cc(NCCC=C2c3ccccc3CCc3cccnc32)n2ncnc2n1,0
CCNC(=O)[C@H]1C(=O)N2[C@@H](OCC3C(C(=O)O[C@H]4[C@@H]5OP(=O)([O-])OC[C@H]5O[C@H]4N4CCN([C@H]5[C@@H](N)C[C@H](c6ccc(F)cc6)[C@H](c6ccccc6Cl)[C@H]5O)CC4)=C(C)NC(C)=C3C(=O)N3CCC(c4ccc(CC)cc4)CC3)C(C)(C)S[C@H]12,0
[Na+],0
Clc1ccc(OCCc2ccccc2)cc1,0
[Na+],0
Cc1ncc(N(c2cnc3ccccc3n2)c2ccccc2C2CCCC2)c(N)n1,0
CNC(c1cccc(C)c1CO)[C@H]1C[C@@H]2CC[C@@H]3[C@H](CC[C@@]4(C)[C@H]3C[C@@H]([N-]c3ccc(Cl)cc3Cl)[C@H]4c3ccccc3)[C@@]2(C)C[C@H]1CO,0
C[C@@H](O)c1ccc(NCCC2=CCCCC2)n1C,0
C[C@H]1C[C@H]2[C@@H]3CC[C@H](NC4CC(=O)NC(=O)C4)[C@@]3(C)C[C@H](O)[C@@H]2[C@@]2(C)CCC(=O)C=C12,0
Cc1csc(-c2ccccc2)n1,0
c1ccc(N2CCC(Nc3nc4ccccc4[nH]3)CC2)cc1,0
CCS(=O)(=O)c1cc(CO)c([N+](C)(C)C)cc1N,0
COCCOC(N)=O,0
CCCCCCCNC(CC)CC,0
Nc1ccc2c(c1)CN(C(=O)c1ccc(N3CCc4ccccc4C3)cc1)C2,0
C[C@@H]1[C@@H](c2ccccc2)CCCN1c1ccc(C(=O)N2CCN(S(C)(=O)=O)CC2)cc1,0
CC1(C)[C@H](c2c(N3C(=O)[C@H]4[C@@H]5CC[C@@H](C5)[C@H]4C3=O)c(F)cc3c(=O)c(C(=O)O)cn(-c4nnc(N)nc4N)c23)N2C(=O)C[C@H]2S1(=O)=O,0
CC1(C)O[C@@H]2C[C@H]3[C@@H]4C[C@H](F)C5=CC(=O)C=C[C@]5(C)[C@@]4(F)[C@@H](O)C[C@]3(C)[C@@]2(C(=O)OCC(=O)c2ccc(O)c(-c3cscn3)c2)O1,0
CC(C)(O)[C@@H]1O[C@H](C(N)=O)[C@@H](O)C[C@H]1N,0
CCOC[C@@H]1O[C@H](Nc2cc(Cl)c(-c3ccc(-c4nc(C)cs4)cc3)c(Cl)c2)[C@@H](O)[C@H](N)[C@H]1O,0
COC(=O)Oc1ccc2nc(C)[nH]c(=O)c2c1,0
CO[C@@H]1O[C@@H](C(=O)N(C)C)[C@H](O)[C@@H]1O,0
Cc1onc(C(C)C)c1C(OC(=O)c1ccc(Cl)cc1Cl)c1ccccc1,0
CNc1c[nH]c2ccccc12,0
CC1=C(N)C(=O)C2=C(C1=O)N1C[C@@H]3N[C@@H]3[C@]1(C(=O)O)[C@@H]2C(CCN(C)C)[C@H]1CCc2nc(N)sc2C1,0
c1ccc(-c2ccccc2)cc1,0
Cl,0
O[C@@H]1CC[C@@H](C=CC=Cc2ccccc2N2CCCCC2)C[C@@H]1Nc1ccc(F)cc1,0
CS(=O)(=O)N[C@@H]1CO[C@@H]2[C@@H](O)CO[C@H]12,0
CNc1csc(N)n1,0
Cc1onc(NC[C@@H]2CCC(=O)N2)c1OC1(c2ccc3nc(C(=O)Oc4cc(Cl)cc(Cl)c4O)[nH]c3c2)[C@@H](C)C[C@H]2[C@@H]3C[C@H](F)C4=CC(=O)C=C[C@]4(C)[C@@]3(F)[C@@H](O)C[C@@]21C,0
C[N+](C)(C)c1ccc([N+](C)(Cn2nnnc2Nc2ccc(Nc3ncc4c(=O)c(-c5ccccc5F)cn(CO)c4n3)cc2)c2ccco2)cc1,0
Cc1nc(NC(C)(CO)CO)n2nc(SSC[C@@]3(O)CC[C@H]([C@]4(C)CC[C@]5(O4)O[C@]4(C=C[C@H]5O)O[C@H](N(C)Cc5ccccc5F)[C@@H](C)C[C@H]4C)O[C@H]3C)[nH]c(=O)c12,0
NC(=O)c1cccc(Nc2ccc(Cl)cc2Cl)c1,0
CC(N=C(NC#N)NC(=O)CC1Nc2cc(Cl)c(S(N)(=O)=O)cc2S(=O)(=O)N1)C(C)(C)C,0
CCN1CCCCCC1,0
CC(C)=Cc1cnc(Nc2ccc(C(N)C(=O)O)cc2)n1-c1c(Cl)cccc1Cl,0
CCOCC(O)CN1CCC(C)CC1,0
C[C@@H]1C[C@H]2[C@@H]3CCC4=CC(=O)C=C[C@]4(C)[C@H]3[C@@H](O)C[C@]2(C)[C@]1(C)CC(CS)C(=O)O[N+](=O)[O-],0
NCc1ccc(Cl)cc1,0
ClCCNCCc1ccccc1,0
COC(=O)c1ccccc1,0
Cc1cccc(N2CCOCC2)c1,0
COc1c[nH]c2ccc(-c3ccccc3Cl)cc12,0
CC#C[C@]1(O)CC[C@H]2[C@@H]3CCC4=CC(=O)CCC4=C3[C@@H](COc3nc4ccccc4n3-c3ccc(-c4ccccc4F)cc3)C[C@@]21C,0
CC(N[C@@H]1O[C@@H](CCN)[C@H](O)[C@@H](O)[C@@H]1O)O[C@]1(O)Cc2c(O)c3c(c(O)c2[C@@H](O[C@@H]2[C@@H](N=C(N)N)[C@H](O)[C@@H](N=C(N)N)[C@H](O)[C@H]2O)C1)C(=O)c1c(CC(=O)NO)cccc1C3=O,0
Cc1cc(C2CC2)on1,0
Cc1cc(O/N=C(\CCCCNC2CCOc3ccccc32)c2ccc(C(=O)O)cc2)on1,0
c1ccc(-c2ccccc2)cc1,0
CSCCN1CCOCC1,0
N#Cc1ccc(CNCc2ccccc2)cc1,0
CC(C(=O)O[C@@H]1CNC[C@H]1N1CCN(C)CC1)[C@@H]1CCCN[C@@H]1C,0
O=C1CCCN1c1ccccc1,0
Cc1ccnc(Nc2nc(N)c3cc(-c4ccccc4)c(-c4ccccc4N(Cc4cc(C)c(C(=O)Oc5ccnc6ccc(C(=O)OC7(COc8ccccc8-c8cc(C)nc9ncnn89)[C@H](C)C[C@H]8[C@H]9[C@H]([C@@H](O)C[C@@]87C)[C@@]7(C)C=CC(=O)C=C7C[C@H]9Cl)cc56)c(C)c4O)c4ccccc4)cc3n2)n1,0
COC(=O)c1cnc[nH]1,0
NC12CC3CC(CC(C3)C1)C2,0
COc1ccc(Nc2c(-c3ccc4c(c3)COB4O)noc2C)cc1,0
Cl,0
COc1ccc(-n2c(=O)[nH]c3ccccc32)cc1,0
COC(=O)C1=C(C)NC(C)=C(C(=O)N(C)C)C1c1nnnn1C,0
CCNc1ccc(N(C)C)cc1,0
Cl,0
CC(C)N1CC[C@H](N2CCCC2(C)OCCOc2ccc(F)cc2)C1,0
NC(=O)c1ccc2c(c1)N(C(=O)c1cccs1)c1ccccc1S2,0
CN(C)CC(=O)c1nc(N)nc2c1ncn2-c1ccccc1,0
COc1ccc(Oc2ccncc2)cc1,0
CO[C@H]1C(=O)N2C(C(=O)[O-])=C(CN3CC(=O)N(CC(=O)OCc4ccccc4)C(=O)C3)CS[C@H]12,0
CCN1CCOC(CC(=O)OC(=O)NCc2ccnc(N(c3nnc(C)s3)C3CCC(CNC(=O)c4ccccc4[C@H]4[C@@H](N[C@H]5CN[C@H](OC)C5)OC(O)[C@H](O)[C@H]4O)CC3)n2)C1,0
Clc1ccc(-c2ccc3nc(Nc4cccnc4)[nH]c3c2)c(Cl)c1,0
O=C(O)c1ccc([C@@H]2O[C@@H](c3ccc(-c4cccc(I)c4)cc3)C[C@@H]2O)c(F)c1,0
O=C(CNC1CCSC1=O)Oc1ccc(Cl)cc1,0
NC(=O)C1(c2ccccc2F)CCCNC1,0
CC(C)c1ccc(Cl)cc1-c1ccc(Oc2ccc([C@@H]3[C@@H](C)C=CC4=C[C@H](C)C[C@H](c5ccc(N6CCS(=O)(=O)CC6)c(F)c5)[C@@H]43)nc2)cc1,0
COCCOC(C)(C)C(=O)O,0
CCO[C@@H]1N[C@@H]2[C@H](C)[C@@H](O1)[C@](C)(O)[C@H](c1ccc(C)cc1)OC(=O)[C@H](C)[C@H](N[C@H]1CC[C@@]3(C)C(CC[C@]4(C)[C@@H]3C(=O)C=C3[C@@H]5CC(C)(n6ccnc6)CC[C@]5(C)CC[C@]34C)C1(C)C)[C@H](C)[C@H](OC)[C@](C)(O)C[C@H]2C,0
Cl,0
CCC(OC(=O)[C@H]1CCCN(c2ccc(F)cc2)C1)C(O)c1cc(-c2ccccc2)ccc1-n1nc(C#N)c(S(=O)C(F)(F)F)c1N,0
CCNC[C@H]1CCC=C2C=C[C@H](C)[C@@H](C(=O)N3c4ccccc4Sc4ccc(C(=O)NNCCC(=O)Nc5ccc(CC(N)=O)cc5)cc43)[C@H]21,0
NC(=O)C(O)c1ccc(N2CCOCC2)cc1,0
Cc1cc(C)c(C2CCCCN2C(=O)NC2CCCC2)c(Cl)c1,0
Cc1onc(Sc2cc(O)cc(O)c2)c1-c1c(I)c(CC(C)(C)N(C)C)c(I)c(-c2ccc(O)c(O)c2O)c1I,0
CO[C@@H]1O[C@H](C)[C@H]([C@H]2CCCN2CCN(C)C)[C@@H](c2ccc(Cl)cc2)[C@H]1O,0
O=C(CC(=O)c1c(F)cccc1Cl)c1ccc(Oc2ccccc2O)s1,0
Cc1ccc(C)c(-c2c3cc4cc2Oc2ccc(cc2Cl)[C@@H](O)[C@H](Oc2ccc(C#N)cc2)C(=O)N[C@@H](N2CCOCC2)C(=O)N[C@H]4C(=O)N[C@H]2C(=O)N[C@H](C(=O)N[C@H](C(=O)O)c4cc(O)cc(O)c4-c4cc2ccc4O)[C@H](O)c2ccc(c(Cl)c2)O3)c1,0
C=CCNC[C@H](SC)c1ccc([C@H]2CN[C@H]([C@@H]3C(=O)N4C(C(=O)O)=CCS[C@H]34)C2)cc1,0
C[C@@H]1C[C@H]2[C@@H]3C[C@H](F)C4=CC(=O)C=C[C@]4(C)[C@@]3(F)[C@@H](O)C[C@]2(C)[C@]1(O)N1CCC(c2cnn(-c3ccc(-c4ccc5c(c4)N(c4cccnc4)c4ccccc4S5)cc3)c2)CC1,0
CC(C)Cc1cc(I)cc(I)c1O,0
Cn1cncc1C1CC1,0
O=S(Cc1ccc(F)cc1)c1nc2nc(NC3CC3)ccc2[nH]1,0
CC(=O)N(C)C,0
COCCNCCN1CCN(C)CC1,0
CO[C@H]1[C@H](CN(C)C(=S)Oc2ccccc2C(=O)O)O[C@H](c2ccccc2)[C@H](O)[C@H]1O,0
CC1(C)C(C=C(Cl)Cl)C1C(=O)NNC(=O)CCl,0
OC1(C(F)(F)F)CCN(Cc2cc(-c3nn[nH]n3)c(Cl)cc2Cl)CC1,0
CNS(C)(=O)=O,0
Cc1ccc(OC2(C3=NCCN3)Cc3ccccc3O2)cc1,0
CN1C[C@H](Cc2ccccc2)C=C2c3cccc4[nH]cc(c34)C[C@H]21,0
O=C1SCCC1N1c2ccccc2Sc2ccccc21,0
COC1(CC=O)[C@H](C)C[C@H]2[C@@H]3CCC4=CC(=O)C=C[C@]4(C)[C@@]3(Cl)[C@@H](O)C[C@@]21C,0
Cc1cn[nH]c1,0
Cl,0
CC(=O)CCCCC1(C(=O)NC(C)=O)C(=O)NCNC1=O,0
CC(C)OC1(O[C@@H]2C[C@@H](O)CC(=O)O2)CCC1,0
O=C([O-])C[C@@H](O)COc1ccc(O)c(-c2ccc(Br)cc2)c1,0
OC1CC(OCC2CNc3ccccc3C2)C1,0
CC(=O)O[C@H]1C(=O)N2[C@@H]1SC(C)(C)[C@@H]2N1CC(O)CC1=O,0
COc1ccccc1C(O)C(N)=O,0
Fc1ccc(Nc2ccccc2)cc1,0
CO[C@H]1COC(c2ccc(S(N)(=O)=O)cc2)(c2ccccc2-c2ccn(C(C)C(=O)O)c(=O)n2)O1,0
O=C(N[C@@H]1COC[C@H]1c1ccc(F)cc1)Oc1ccccc1,0
CN(C(=O)C(C)(C)O[C@H](CF)[C@@H](O)c1cc(Cl)ccc1O)c1cccc(-c2ccc(Cl)cc2Cl)c1,0
CC(C)N1CCN(c2cc(Br)ccn2)CC1,0
CCCCN(C=O)C(C)=C1CCC[C@]2(C)[C@H](NC(=O)c3cccc(OC)c3)CC[C@@H]12,0
CC(N)c1cccnc1,0
C[C@@H]1O[C@@H](N(C)C(=O)COc2sccc2-c2ccc(S(=O)(=O)N3CCOCC3)cc2C(CN)CC(=O)O)C[C@H](N)[C@@H]1O,0
COC(=O)[C@H]1[C@@H](N)C[C@@H](N)[C@H](c2cc(C)ccc2C(=O)NC(=O)c2ccc(CC(=O)O)cc2)[C@H]1O,0
CC(C)NCC[C@H]1CC[C@H]2[C@@H]3CC[C@H]4C[C@H](O)CC[C@]4(C)[C@H]3C(=O)C[C@@]21C,0
CC(=O)Oc1cccc(C)n1,0
COC(=O)[C@H](O)[C@H](OC)C1(O)CCCCC1,0
CC(=O)O[C@@H]1O[C@@H](OC(C)c2ccc3c(O)c(-c4ccncc4)c(=O)oc3c2C)[C@H](O)[C@@H](O)[C@@H]1O,0
N#Cc1ccc(-c2ccccc2)cc1,0
CN[C@@H](Cn1ccc(N)nc1=O)C(=O)O,0
COc1cc(=O)c2cc3c(=O)cc(C(=O)[O-])oc3c(-n3cncn3)c2n1-c1nncs1,0
CO[C@@H](C)Cc1ccccc1-c1nccs1,0
COC(=O)[C@@H](Cc1c[n+]([O-])c(C)cn1)N1CCNC(=O)C1,0
CC(C(=O)N(C)C)C1CCOC1,0
CC(O)(CS(=O)(=O)c1ccc(F)cc1)C(=O)NCCCNS(N)(=O)=O,0
CC(=O)Oc1ccc(F)cc1,0
Cc1ccsc1C(=O)[O-],0
c1ccc2[nH]c(N3CCCCC3)nc2c1,0
CC(C)CC(=O)OC[C@@H]1C(=O)N2C(C(=O)[O-])=C(C[n+]3ccn4ncccc43)CS[C@H]12,0
C/C1=C/C=C/[C@H](C)[C@H](O)[C@@H](C)[C@@H](O)[C@@H](C)[C@@H](C(=O)Nc2ccccc2)[C@H](C)[C@@H](n2cc(OC3(C(=O)Oc4ccc(C)nn4)CCNC3)nn2)/C=C/O[C@@]2(C)Oc3c(C)c(O)c4c(O)c(c(/C=N/N5CCN(C)CC5)c(O)c4c3C2=O)NC1=O,0
c1ccc(C2CCCO2)cc1,0
COc1ccccc1CN1CCC(COCCO)CC1,0
Cn1nnc2c(N[C@@H]3CC[C@H]4C(=CC(=O)O)CCC[C@@]43C)ncn2c1=O,0
CC(=O)OC(=O)C(C)(C)C,0
Clc1ccc([N+]23CCC(CC2)[C@H](N2CCOCC2)C3)cc1,0
COc1ccc(-c2ccccc2)cc1-c1cc(C(C)C)ccc1N=Nc1ccc2c(S(=O)(=O)[O-])cc(S(=O)(=O)[O-])c(N)c2c1O,0
C[C@@H]1[C@@H](CNC(=O)C(C)(C)N2CCC(Oc3cn(C4CCN(C(=O)CN)CC4)nn3)CC2)CCCN1CCCc1ccccc1,0
CC(=O)OCc1ccccc1,0
CC(=O)NC(C)=O,0
CC(=O)N[C@@H]([C@H](C)C(=O)[O-])[C@@H](C)[C@H]1C[C@H](C=C2c3ccccc3COc3ccccc32)CC[C@H]1O,0
COC(=O)Nc1ncccc1CS(N)(=O)=O,0
O=C(O)C1(c2ccc(N3CCCC3)cc2)CCNC1,0
CNc1nc(Cl)c([C@@H]2N3C(=O)C[C@H]3S(=O)(=O)C2(C)C)n1[C@H]1CCCO1,0
CO/N=C(\C(=O)OC)c1csc(N)n1,0
NC(=O)c1cccnc1NCc1ccc(F)cc1,0
Cc1cc(C(C)(C)C)ccc1-c1nnn(C)n1,0
Cl,0
CC(=O)c1ccc(C2C(O)C(N)CC(N)C2Nc2cccc(Cl)c2)cc1F,0
CS(=O)(=O)NC1=NCCN1,0
Cn1cc(N(c2ccccc2)c2ccccc2)cn1,0
O=C(O)c1ccc(N2c3ccccc3Sc3ccc(C(=O)O)cc32)cc1,0
Cc1cc(NC2(O)CCN([C@H]3O[C@@H](C4CCCCC4)[C@H](O)[C@@H](N)[C@@H]3O)CC2)no1,0
COc1ccc(CC(=O)O)cc1,0
C#C[C@]1(O)CC[C@H]2[C@@H]3CCC4=CC(=O)CCC4=C3C=C[C@]21Oc1ccccc1CN1CCCC1(C)Nc1ccc(Cl)cc1[N+](=O)[O-],0
COc1nc(N)c(Br)c(Nc2ccc(C)cc2O)n1,0
CCCOc1ccc(OC(C)(C)C)cc1,0
Cl,0
O=C1CCC(NC(=O)N2CCC[C@@H]2Oc2ccc(Cl)cc2)C(=O)N1,0
O=C1Cc2c(cccc2-c2ccc(-c3ccccc3)c(CO)c2)N1,0
COC(=O)Cc1ccccn1,0
C[C@]12CC[C@H]3[C@@H](CCC4=CC(=O)CC[C@@]43C)[C@@H]1CC[C@@H]2Oc1ccccc1-c1cccc(C2CCN(c3ccc(CC(=O)Oc4ccccc4)cc3)CC2)c1,0
NCc1ccccc1,0
Cc1noc(Nc2ccccc2)c1C,0
O=C(O)COc1cc(-c2ccc(Cl)cc2)c2ccccc2n1,0
CN1CCN(CCNc2ccncc2)CC1,0
O=C(O)C(=O)Oc1cnc(NCc2ccc(N3CCCCC3)cc2)s1,0
Nc1nc(C(=Cc2ccc3ccc(Cl)cc3n2)C(=O)Oc2ccccc2)cs1,0
CCCC[C@]1(C)C[C@H](Oc2cc(C)n[nH]2)O[C@@H](C)[C@@H]1O,0
CC(C)CC(=O)N1CCN(C)CC1,0
NCC[C@@H]1O[C@@H](Oc2ccc(Cl)cc2)[C@H](O)[C@@H](O)[C@@H]1O,0
Oc1ccc(N2CCOCC2)cc1,0
CN(C)Cc1cccc(F)c1,0
C[C@H]1C=CC2=C[C@@H](O)C[C@H](C(N)=O)[C@@H]2[C@@H]1N1CCN(C(C)(C)C)CC1,0
Cc1cc(C)c(N(C)Cc2ccc([C@H]3CCCO3)cc2)cc1C,0
C[N+](C)(C)C(=O)CCCC=C[C@@H]1CC[C@@H](O)[C@@H](n2cnc3c(=O)[nH]c(N)nc32)C1,0
O=C(O)C1=C(CNc2ncccn2)CS[C@@H]2[C@@H](c3cccs3)C(=O)N12,0
O=C(CO)C1CN2CCC1CC2,0
CN(CC(=O)O[C@@H]1O[C@@H](NCCCN2CCC(N)C2)[C@H](O)[C@@H]1O)c1cccc(-c2ccc(F)cc2)c1N1CCC[C@@H]1Nc1cnc2nc(N)nc(N)c2n1,0
CCNc1ccc(C(=O)O)cc1,0
CC(=O)Oc1ccc(-c2ccccc2)cc1,0
Cc1c(CN2CCS(=O)(=O)CC2)c2cc(-c3ccc(S(N)(=O)=O)cc3)ccc2n1C(=O)c1ccc(Cl)cc1,0
CN1C(C(=O)N2C[C@H](O)[C@@H](O)[C@H](O)[C@@H]2c2c(F)cc3c(=O)c(CN4CCOCC4)cn(CO)c3c2F)=C(O)c2ccccc2S1(=O)=O,0
CCCCCCCOc1ccc2c(c1)OCO2,0
Cl,0
CN1[C@H]2CC(Nc3nn(C)c4ccccc34)C[C@@H]1[C@H]1O[C@@H]21,0
O=C(O)C1CCCC1=O,0
Oc1ccccc1OCCC1CCCN1,0
CC(C)c1c(C=CC(=O)O)c(C2C[C@H]3[C@@H]4O[C@@H]4[C@@H](C2)[N+]3(C)[O-])nc2ccccc12,0
COc1ccc(C[C@@H]2C[C@@H](O)CC(=O)O2)cc1Cl,0
O=C(O)c1ccc2[nH]c3c(c2c1)C[C@H](O/C([O-])=N/c1c[n+](N2CCOCC2)no1)CC3,0
CN(c1ccc(Cl)c(Cl)c1)c1ccccc1-c1ccccc1Cl,0
CNCc1ncc(Nc2cc(C)c(N3CCCC3N(C)c3ncc(Cl)cn3)c(C)c2O)cn1,0
CCNc1cncc(F)c1,0
CC(=O)N1CCN(C(c2ncc(C3CCCCN3C)cc2Cl)C2CCNCC2)CC1,0
Cc1cccc(C)c1Oc1ccc2[nH]cc(C3CNCCO3)c2c1,0
CCNC(=O)Nc1c[nH]nn1,0
O=C(O)[C@H]1CCOC1,0
Cl,0
O=C(COCCc1cnc[nH]1)N(c1cccc(-c2cccc3nonc23)c1)[C@H]1CCCN1c1ccccc1,0
Cc1cccc(-n2cnc3c(C4CC(C)(O)C(O)C(C)O4)ncnc32)n1,0
Cc1cc(Nc2cccnc2)ccc1C1CCCNC1,0
CO[C@H]1[C@H](c2ccc(Cl)cc2)[C@H](O)[C@H](NCC(O)CO)OC1(C)C,0
Cl,0
O=C(O)C=CCC(=O)O,0
CCCCN(Cc1cc(C)ccc1-n1c([N+](=O)[O-])cnc1C)C1CCNCC1,0
CCN([C@H]1C[C@](C)(N)[C@H](O)[C@H](C)O1)S(=O)(=O)c1ccc(N)cc1,0
N#Cc1ccc(-c2cc(Br)cc(Br)c2N)cc1,0
CC(=O)c1ccc(C)cc1C,0
Oc1ccc(Nc2cc(Br)c(O)c(Br)c2)cc1,0
O=C(Cc1ccccn1)OC(=O)c1ccccc1,0
NS(=O)(=O)c1cc2c(cc1[C@H]1C(=O)N3C(C(=O)O)=C(COCCc4ccccc4)CS[C@H]13)NCNS2(=O)=O,0
CC(C)Nc1ccccc1,0
Cc1nc(OCC(O)CN2CCC(c3ccccc3COCC=CC(=O)O)CC2)n2nc(-c3ccon3)[nH]c(=O)c12,0
COc1ccc(NC2CCCNC2)cc1,0
CNC1(CCOC)CC[C@H]2[C@@H]3C=C(C)C4=CC(=O)CC[C@@H]4[C@H]3CC[C@@]21C,0
c1ccc(-n2ccnc2)cc1,0
COCCOc1nc(N)c2cc([C@@H]3CCCO3)c(-n3cc(C)ccc3=O)cc2n1,0
CS(=O)(=O)c1ccc(C(=O)c2cncs2)cc1,0
C[C@@H]1C[C@H]2[C@@H]3C[C@H](F)C4=CC(=O)C=C[C@]4(C)[C@@]3(F)[C@@H](O)C[C@]2(C)C1(N(CCCC(=O)[O-])C1CCN(c2ccc(Br)cc2)C1=O)[N+]1(C)CCCC1,0
CC1CCN(C23CC4CC(CC(C4)C2)C3)CC1,0
CCNCn1cnc2c1c(=O)n(C)c(=O)n2C,0
COC(=O)[C@H]1C[C@H]1Nc1ccc(O)cc1,0
CCNc1ccc(C2CCCN2)cc1,0
CN(C)c1ccc2cc1Oc1ccc(cc1)C[C@H]1c3c(cc4c(c3Oc3cc5c(cc3C(=O)Oc3ccc6ccccc6c3)CCN(C)[C@@H]5C2)OCO4)CCN1C,0
Cc1ccsc1C(=C(C(=CCNC(C)C)c1ccc(O)cc1)c1ccc(O)cc1)c1sccc1C,0
COc1ccc(C#N)c(C23CC2CCN3c2ccc(C(=O)CO)c(O)c2)c1,0
C=CCN1CCN(c2nnc(-n3cnc4c3c(=O)n(C)c(=O)n4C)s2)CC1,0
CC(=O)c1cc2ccccc2c(-n2cccn2)c1[O-],0
CC(=O)NCc1cccc(C2(c3cc[nH]n3)NC(=O)N(C)C2=O)c1,0
CC(=O)NC(=O)C1(CN2CCN(c3ccc4c(c3)OCO4)CC2)[C@@H](C)C[C@H]2[C@@H]3CCC4=CC(=O)C=C[C@]4(C)[C@@]3(F)[C@@H](O)C[C@@]21C,0
O=C(O)c1ccc2nc(Oc3ccccc3)[nH]c2c1,0
Cc1cccc(Cc2ccc(O)cc2)c1,0
CN(C)CC1CCN([C@]2(O)CC[C@H]3[C@@H]4CCC5=CC(=O)C=C[C@]5(C)[C@H]4C(=O)C[C@@]32C)CC1,0
CCOc1cc(C)no1,0
OC1CC(N2CCC=C(F)C2)C1,0
COCC1CCN(S(C)(=O)=O)CC1,0
O=c1cnn(CCOc2cc[nH]n2)c(=O)[nH]1,0
O=[N+]([O-])O,0
O=c1[nH]c2ccccc2n1-c1ccc(F)cc1,0
CNc1ccc(C(=CC=C2[C@@H]3C[C@@H](O)[C@H]4[C@@]5(C)CC[C@@H](O)[C@@H](C)[C@@H]5CC[C@]4(C)[C@@]3(C)C[C@H]2C(C)(C)C(N)=O)c2ccc(-n3cncn3)cc2)cc1,0
CC(C)OP(=O)(O)O,0
O=C(O)CC(O)(CC(=O)O)C(=O)O,0
COC12CC1CCN2CCC(c1ccccc1C)[C@@H]1COC[C@H]1C[C@H]1Cc2ccccc2CN1C(C)=O,0
CC(=O)NCCN1CCSCC1,0
Cl,0
Clc1ccccc1Nc1cn(C2CC2)nn1,0
CC(=O)OCCc1ccccc1N(C)C(=O)[C@H](c1ccccc1)S(=O)(=O)O,0
COc1ccccc1N(c1cccc(C)c1)C1CC1,0
COCC(N)=O,0
CC(C)C(N)C(=O)OC(=O)[C@@H](Cc1ccc(O)cc1)N1CC(=O)N2CCc3ccccc3C2C1,0
CCCc1ccc(-c2cncc(F)c2)cc1,0
Cc1cc(=O)c2c(-c3ccc(O)cc3)c3ccoc3c(C(=O)N3CCOCC3)c2o1,0
CC(=O)Nc1cc(C(=O)NCc2ccccc2)ccc1O,0
